county,states_count,states,county_rows,median_2br,min_2br,min_state,max_2br,max_state
Washington County,30,AL AR CO FL GA IA ID IL IN KS KY MD ME MN MO MS NC NE NY OH OK OR PA RI TN TX UT VA VT WI,30,1187,905,MS,1879,RI
Jefferson County,25,AL AR CO FL GA IA ID IL IN KS KY MO MS MT NE NY OH OK OR PA TN TX WA WI WV,25,1209,905,MS,2169,CO
Franklin County,24,AL AR FL GA IA ID IL IN KS KY MA ME MO MS NC NE NY OH PA TN TX VA VT WA,24,1147,905,MS,2165,VT
Jackson County,23,AL AR CO FL GA IA IL IN KS KY MI MN MO MS NC OH OK OR SD TN TX WI WV,23,1014,909,AR,1546,MO
Lincoln County,23,AR CO GA ID KS KY ME MN MO MS MT NC NE NM NV OK OR SD TN WA WI WV WY,23,1047,905,MS,1400,OR
Madison County,19,AL AR FL GA IA ID IL IN KY MO MS MT NC NE NY OH TN TX VA,19,1289,978,FL,1866,NC
Clay County,18,AL AR FL GA IA IL IN KS KY MN MO MS NC NE SD TN TX WV,18,1018,905,MS,1694,FL
Montgomery County,18,AL AR GA IA IL IN KS KY MD MO MS NC NY OH PA TN TX VA,18,1029,905,MS,2438,MD
Marion County,17,AL AR FL GA IA IL IN KS KY MO MS OH OR SC TN TX WV,17,1041,885,SC,1692,OR
Monroe County,17,AL AR FL GA IA IL IN KY MI MO MS NY OH PA TN WI WV,17,1003,905,MS,2254,FL
Union County,17,AR FL GA IA IL IN KY MS NC NJ NM OH OR PA SC SD TN,17,1019,905,MS,2233,NJ
Wayne County,16,GA IA IL IN KY MI MO MS NC NE NY OH PA TN UT WV,16,1010,905,MS,1459,MI
Grant County,14,AR IN KS KY MN ND NE NM OK OR SD WA WI WV,14,1014,909,AR,1361,WA
Greene County,14,AL AR GA IA IL IN MO MS NC NY OH PA TN VA,14,1013,905,MS,1642,VA
Warren County,14,GA IA IL IN KY MO MS NC NJ NY OH PA TN VA,14,1125,930,IL,2021,NJ
Carroll County,13,AR GA IA IL IN KY MD MO MS NH OH TN VA,13,1005,905,MS,2006,MD
Adams County,12,CO IA ID IL IN MS ND NE OH PA WA WI,12,1014,905,MS,2169,CO
Clark County,12,AR ID IL IN KS KY MO NV OH SD WA WI,12,1014,928,AR,1878,WA
Douglas County,12,CO GA IL KS MN MO NE NV OR SD WA WI,12,1242,930,IL,2169,CO
Johnson County,12,AR GA IA IL IN KS KY MO NE TN TX WY,12,1048,909,AR,1745,TX
Lake County,12,CA CO FL IL IN MI MN MT OH OR SD TN,12,1394,995,TN,2011,IL
Lee County,12,AL AR FL GA IA IL KY MS NC SC TX VA,12,1020,885,SC,1835,FL
Marshall County,12,AL IA IL IN KS KY MN MS OK SD TN WV,12,1012,916,OK,1212,IL
Polk County,12,AR FL GA IA MN MO NC NE OR TN TX WI,12,1069,909,AR,1692,OR
Calhoun County,11,AL AR FL GA IA IL MI MS SC TX WV,11,1010,905,MS,1349,IL
Crawford County,11,AR GA IA IL IN KS MI MO OH PA WI,11,1003,927,IA,1309,GA
Fayette County,11,AL GA IA IL IN KY OH PA TN TX WV,11,1017,921,AL,1762,GA
Lawrence County,11,AL AR IL IN KY MO MS OH PA SD TN,11,1006,905,MS,1207,SD
Morgan County,11,AL CO GA IL IN KY MO OH TN UT WV,11,1003,909,KY,1591,UT
Scott County,11,AR IA IL IN KS KY MN MO MS TN VA,11,1027,909,AR,1734,MN
Hamilton County,10,FL IA IL IN KS NE NY OH TN TX,10,1125,930,IL,1536,IN
Hancock County,10,GA IA IL IN KY ME MS OH TN WV,10,1005,927,IA,1536,IN
Henry County,10,AL GA IA IL IN KY MO OH TN VA,10,1011,921,AL,1762,GA
Logan County,10,AR CO IL KS KY ND NE OH OK WV,10,988,909,AR,1264,OK
Perry County,10,AL AR IL IN KY MO MS OH PA TN,10,1012,921,AL,1598,PA
Pike County,10,AL AR GA IL IN KY MO MS OH PA,10,1047,909,AR,1762,GA
Benton County,9,AR IA IN MN MO MS OR TN WA,9,1233,905,MS,1857,OR
Brown County,9,IL IN KS MN NE OH SD TX WI,9,1071,961,KS,1536,IN
Cass County,9,IA IL IN MI MN MO ND NE TX,9,1014,927,IA,1546,MO
Clinton County,9,IA IL IN KY MI MO NY OH PA,9,1071,909,KY,1546,MO
Knox County,9,IL IN KY ME MO NE OH TN TX,9,1014,909,KY,1503,ME
Putnam County,9,FL GA IL IN MO NY OH TN WV,9,1091,942,IL,2971,NY
Shelby County,9,AL IA IL IN KY MO OH TN TX,9,1076,927,IA,1536,IN
Boone County,8,AR IA IL IN KY MO NE WV,8,1045,909,AR,1536,IN
Butler County,8,AL IA KS KY MO NE OH PA,8,988,909,KY,1442,OH
Cherokee County,8,AL GA IA KS NC OK SC TX,8,974,885,SC,1762,GA
Columbia County,8,AR FL GA NY OR PA WA WI,8,1189,947,AR,1878,OR
Cumberland County,8,IL KY ME NC NJ PA TN VA,8,1261,909,KY,2353,ME
Fulton County,8,AR GA IL IN KY NY OH PA,8,1024,909,AR,1762,GA
Harrison County,8,IA IN KY MO MS OH TX WV,8,1095,909,KY,1450,IA
Jasper County,8,GA IA IL IN MO MS SC TX,8,1084,905,MS,1762,GA
Mercer County,8,IL KY MO ND NJ OH PA WV,8,1018,909,KY,2242,NJ
Orange County,8,CA FL IN NC NY TX VA VT,8,1663,1014,IN,3057,CA
Randolph County,8,AL AR GA IL IN MO NC WV,8,969,909,AR,1271,NC
Howard County,7,AR IA IN MD MO NE TX,7,1014,909,AR,2006,MD
Lewis County,7,ID KY MO NY TN WA WV,7,995,909,KY,1435,WA
Pulaski County,7,AR GA IL IN KY MO VA,7,1002,924,KY,1175,MO
Taylor County,7,FL GA IA KY TX WI WV,7,1002,909,KY,1310,TX
Webster County,7,GA IA KY MO MS NE WV,7,944,905,MS,1113,MO
Custer County,6,CO ID MT NE OK SD,6,1169,916,OK,1612,MT
DeKalb County,6,AL GA IL IN MO TN,6,1062,921,AL,1762,GA
Delaware County,6,IA IN NY OH OK PA,6,1081,927,IA,1860,PA
Floyd County,6,GA IA IN KY TX VA,6,1052,925,KY,1276,IN
Garfield County,6,CO MT NE OK UT WA,6,1058,997,OK,1781,CO
Hardin County,6,IA IL KY OH TN TX,6,999,927,IA,1218,TX
Jones County,6,GA IA MS NC SD TX,6,1013,927,IA,1310,TX
Macon County,6,AL GA IL MO NC TN,6,1009,981,AL,1091,IL
Martin County,6,FL IN KY MN NC TX,6,1014,909,KY,2069,FL
Mason County,6,IL KY MI TX WA WV,6,1040,930,IL,1572,WA
Newton County,6,AR GA IN MO MS TX,6,1084,905,MS,1762,GA
Richland County,6,IL MT ND OH SC WI,6,1025,935,IL,1315,MT
Sullivan County,6,IN MO NH NY PA TN,6,1079,962,MO,1596,NH
Anderson County,5,KS KY SC TN TX,5,1121,961,KS,1475,TN
Campbell County,5,KY SD TN VA WY,5,1039,995,TN,1442,KY
Carter County,5,KY MO MT OK TN,5,1040,909,KY,1247,MT
Clarke County,5,AL GA IA MS VA,5,946,905,MS,2438,VA
Dallas County,5,AL AR IA MO TX,5,962,909,AR,1807,TX
Decatur County,5,GA IA IN KS TN,5,995,927,IA,1112,IN
Essex County,5,MA NJ NY VA VT,5,1171,1155,VA,3008,MA
Henderson County,5,IL KY NC TN TX,5,995,909,KY,1866,NC
Houston County,5,AL GA MN TN TX,5,1046,966,AL,1396,GA
Kent County,5,DE MD MI RI TX,5,1629,1078,TX,1879,RI
Lafayette County,5,AR FL MO MS WI,5,1191,909,AR,1546,MO
Livingston County,5,IL KY MI MO NY,5,1220,962,MO,1477,MI
Lyon County,5,IA KS KY MN NV,5,961,909,KY,1279,NV
Mitchell County,5,GA IA KS NC TX,5,1002,927,IA,1118,TX
Pierce County,5,GA ND NE WA WI,5,1058,1014,ND,2064,WA
Saline County,5,AR IL KS MO NE,5,1050,930,IL,1121,AR
Sheridan County,5,KS MT ND NE WY,5,1078,961,KS,1214,MT
White County,5,AR GA IL IN TN,5,1021,930,IL,1194,GA
York County,5,ME NE PA SC VA,5,1667,1047,NE,1792,ME
Adair County,4,IA KY MO OK,4,935,909,KY,962,MO
Allen County,4,IN KS KY OH,4,1099,961,KS,1248,IN
Blaine County,4,ID MT NE OK,4,1104,1014,NE,1673,ID
Caldwell County,4,KY MO NC TX,4,1347,909,KY,1817,TX
Camden County,4,GA MO NC NJ,4,1332,1033,MO,1860,NJ
Carbon County,4,MT PA UT WY,4,1227,1014,UT,1839,PA
Dawson County,4,GA MT NE TX,4,1235,1074,NE,1762,GA
Dodge County,4,GA MN NE WI,4,1154,1002,GA,1422,MN
Fremont County,4,CO IA ID WY,4,1007,927,IA,1436,CO
Grundy County,4,IA IL MO TN,4,1046,962,MO,1613,IL
Iron County,4,MI MO UT WI,4,1073,962,MO,1144,UT
Lamar County,4,AL GA MS TX,4,1019,921,AL,1316,MS
Lancaster County,4,NE PA SC VA,4,1161,1069,SC,1553,PA
Liberty County,4,FL GA MT TX,4,1216,975,FL,1497,TX
Linn County,4,IA KS MO OR,4,1300,962,MO,1726,OR
Mineral County,4,CO MT NV WV,4,1322,944,WV,1485,CO
Ottawa County,4,KS MI OH OK,4,1098,916,OK,1546,MI
Phillips County,4,AR CO KS MT,4,988,909,AR,1137,CO
Richmond County,4,GA NC NY VA,4,1258,1012,NC,2971,NY
Russell County,4,AL KS KY VA,4,952,909,KY,1212,AL
San Juan County,4,CO NM UT WA,4,1230,1042,UT,2022,WA
Sherman County,4,KS NE OR TX,4,1043,1014,NE,1214,OR
Smith County,4,KS MS TN TX,4,1054,905,MS,1277,TX
Somerset County,4,MD ME NJ PA,4,1193,1014,PA,2623,NJ
St. Clair County,4,AL IL MI MO,4,1362,962,MO,1459,MI
Sumter County,4,AL FL GA SC,4,1232,921,AL,1338,SC
Van Buren County,4,AR IA MI TN,4,973,909,AR,1040,MI
Wheeler County,4,GA NE OR TX,4,1014,1002,GA,1048,TX
Wilson County,4,KS NC TN TX,4,1255,961,KS,1798,TN
Wood County,4,OH TX WI WV,4,1017,974,WV,1145,OH
Baker County,3,FL GA OR,3,1014,1002,GA,1110,FL
Beaver County,3,OK PA UT,3,1149,916,OK,1389,PA
Bedford County,3,PA TN VA,3,1112,1014,PA,1117,VA
Buchanan County,3,IA MO VA,3,943,937,IA,1101,MO
Buffalo County,3,NE SD WI,3,1097,1019,WI,1409,SD
Burke County,3,GA NC ND,3,1147,1014,ND,1329,GA
Butte County,3,CA ID SD,3,1278,1174,ID,1509,CA
Cedar County,3,IA MO NE,3,969,962,MO,1014,NE
Chester County,3,PA SC TN,3,1375,1103,SC,1860,PA
Cheyenne County,3,CO KS NE,3,1134,961,KS,1167,CO
Chippewa County,3,MI MN WI,3,1042,1014,MN,1259,WI
Choctaw County,3,AL MS OK,3,916,905,MS,921,AL
Christian County,3,IL KY MO,3,1113,939,IL,1307,KY
Cleveland County,3,AR NC OK,3,1014,909,AR,1264,OK
Coffee County,3,AL GA TN,3,1088,1002,GA,1098,AL
Comanche County,3,KS OK TX,3,974,961,KS,1017,TX
Cook County,3,GA IL MN,3,1022,1002,GA,2011,IL
Daviess County,3,IN KY MO,3,1090,962,MO,1138,KY
Delta County,3,CO MI TX,3,1014,1014,MI,1266,CO
Dickinson County,3,IA KS MI,3,1021,1014,MI,1091,IA
Edwards County,3,IL KS TX,3,961,930,IL,1078,TX
Ellis County,3,KS OK TX,3,1036,916,OK,1807,TX
Erie County,3,NY OH PA,3,1221,1091,PA,1423,NY
Gallatin County,3,IL KY MT,3,1442,930,IL,2109,MT
Graham County,3,AZ KS NC,3,1012,961,KS,1159,AZ
Grayson County,3,KY TX VA,3,943,909,KY,1395,TX
Hall County,3,GA NE TX,3,1210,1014,TX,1543,GA
Haskell County,3,KS OK TX,3,961,916,OK,1014,TX
Holmes County,3,FL MS OH,3,971,905,MS,1003,OH
Humboldt County,3,CA IA NV,3,1247,927,IA,1554,CA
Kiowa County,3,CO KS OK,3,961,916,OK,1319,CO
Lauderdale County,3,AL MS TN,3,1006,995,TN,1085,AL
Lowndes County,3,AL GA MS,3,1150,931,MS,1179,GA
McIntosh County,3,GA ND OK,3,1014,916,OK,1378,GA
McLean County,3,IL KY ND,3,1138,1014,ND,1287,IL
McPherson County,3,KS NE SD,3,1014,1014,NE,1029,KS
Meade County,3,KS KY SD,3,1052,961,KS,1357,SD
Miami County,3,IN KS OH,3,1248,1014,IN,1546,KS
Middlesex County,3,MA NJ VA,3,2623,1259,VA,3008,MA
Miller County,3,AR GA MO,3,1002,973,MO,1118,AR
Moore County,3,NC TN TX,3,1070,995,TN,1223,NC
Morris County,3,KS NJ TX,3,1014,961,KS,2233,NJ
Murray County,3,GA MN OK,3,1006,979,OK,1014,MN
Nelson County,3,KY ND VA,3,1022,1014,ND,1642,VA
Noble County,3,IN OH OK,3,1003,916,OK,1023,IN
Northampton County,3,NC PA VA,3,1012,992,VA,1839,PA
Ohio County,3,IN KY WV,3,1009,909,KY,1442,IN
Oneida County,3,ID NY WI,3,1111,1027,WI,1210,NY
Osage County,3,KS MO OK,3,1172,962,MO,1229,OK
Osceola County,3,FL IA MI,3,1048,927,IA,1959,FL
Park County,3,CO MT WY,3,1608,1016,WY,2169,CO
Pawnee County,3,KS NE OK,3,994,972,OK,1014,NE
Pickens County,3,AL GA SC,3,1507,921,AL,1762,GA
Platte County,3,MO NE WY,3,1139,999,WY,1546,MO
Pope County,3,AR IL MN,3,1088,948,AR,1095,IL
Potter County,3,PA SD TX,3,1107,1014,PA,1305,SD
Robertson County,3,KY TN TX,3,1151,909,KY,1798,TN
Rock County,3,MN NE WI,3,1014,1014,MN,1280,WI
Rockingham County,3,NC NH VA,3,1264,1012,NC,2347,NH
Schuyler County,3,IL MO NY,3,979,930,IL,1180,NY
Seminole County,3,FL GA OK,3,1002,916,OK,1959,FL
Sevier County,3,AR TN UT,3,1049,909,AR,1213,TN
Sioux County,3,IA ND NE,3,1014,1000,IA,1014,ND
Stark County,3,IL ND OH,3,1212,1049,OH,1231,ND
Stephens County,3,GA OK TX,3,1002,916,OK,1014,TX
Stevens County,3,KS MN WA,3,1027,998,KS,1121,WA
Stone County,3,AR MO MS,3,1032,916,AR,1047,MS
Summit County,3,CO OH UT,3,2153,1231,OH,2766,CO
Sussex County,3,DE NJ VA,3,1651,1498,DE,2233,NJ
Teton County,3,ID MT WY,3,1363,1343,ID,1683,WY
Thomas County,3,GA KS NE,3,1014,961,KS,1233,GA
Todd County,3,KY MN SD,3,1025,1014,SD,1054,KY
Valley County,3,ID MT NE,3,1202,1014,NE,1249,ID
Walker County,3,AL GA TX,3,1227,949,AL,1340,GA
Williamson County,3,IL TN TX,3,1798,996,IL,1817,TX
Winnebago County,3,IA IL WI,3,1172,927,IA,1195,WI
Worth County,3,GA IA MO,3,1003,927,IA,1103,GA
Wright County,3,IA MN MO,3,962,944,IA,1734,MN
Wyoming County,3,NY PA WV,3,1014,944,WV,1363,PA
Albany County,2,NY WY,2,1355,999,WY,1711,NY
Alexander County,2,IL NC,2,1080,1012,IL,1147,NC
Allegany County,2,MD NY,2,1014,1014,MD,1014,MD
Alleghany County,2,NC VA,2,996,943,VA,1048,NC
Armstrong County,2,PA TX,2,1075,1043,PA,1107,TX
Ashland County,2,OH WI,2,1009,1003,OH,1014,WI
Atchison County,2,KS MO,2,962,961,KS,962,MO
Baldwin County,2,AL GA,2,1269,1104,GA,1434,AL
Barbour County,2,AL WV,2,933,921,AL,944,WV
Barry County,2,MI MO,2,1162,962,MO,1362,MI
Barton County,2,KS MO,2,962,961,KS,962,MO
Bath County,2,KY VA,2,960,909,KY,1010,VA
Bay County,2,FL MI,2,1353,1055,MI,1651,FL
Beaufort County,2,NC SC,2,1511,1012,NC,2010,SC
Bell County,2,KY TX,2,1024,909,KY,1138,TX
Berkeley County,2,SC WV,2,1550,1215,WV,1884,SC
Berrien County,2,GA MI,2,1077,1002,GA,1152,MI
Bibb County,2,AL GA,2,1342,1309,GA,1375,AL
Big Horn County,2,MT WY,2,1153,999,WY,1306,MT
Blount County,2,AL TN,2,1425,1375,AL,1475,TN
Bourbon County,2,KS KY,2,1205,994,KS,1416,KY
Boyd County,2,KY NE,2,1010,1006,KY,1014,NE
Bradford County,2,FL PA,2,1054,1008,FL,1100,PA
Bradley County,2,AR TN,2,1090,909,AR,1270,TN
Bristol County,2,MA RI,2,1879,1879,MA,1879,MA
Brooks County,2,GA TX,2,1097,1014,TX,1179,GA
Brunswick County,2,NC VA,2,1259,943,VA,1574,NC
Bryan County,2,GA OK,2,1342,1004,OK,1679,GA
Cameron County,2,PA TX,2,1028,1014,PA,1042,TX
Caroline County,2,MD VA,2,1282,1244,VA,1320,MD
Chambers County,2,AL TX,2,1294,1091,AL,1497,TX
Champaign County,2,IL OH,2,1110,1047,OH,1173,IL
Charlotte County,2,FL VA,2,1259,943,VA,1575,FL
Chase County,2,KS NE,2,988,961,KS,1014,NE
Chatham County,2,GA NC,2,1712,1679,GA,1745,NC
Chautauqua County,2,KS NY,2,988,961,KS,1014,NY
Chesterfield County,2,SC VA,2,1268,885,SC,1651,VA
Chickasaw County,2,IA MS,2,916,905,MS,927,IA
Claiborne County,2,MS TN,2,950,905,MS,995,TN
Clayton County,2,GA IA,2,1345,927,IA,1762,GA
Clearwater County,2,ID MN,2,1061,1014,MN,1108,ID
Cleburne County,2,AL AR,2,1001,997,AR,1004,AL
Colfax County,2,NE NM,2,1131,1014,NM,1247,NE
Coos County,2,NH OR,2,1184,1173,OR,1195,NH
Covington County,2,AL MS,2,913,905,MS,921,AL
Craig County,2,OK VA,2,1202,940,OK,1464,VA
Crittenden County,2,AR KY,2,1105,909,KY,1301,AR
Crockett County,2,TN TX,2,1086,1078,TX,1093,TN
Crook County,2,OR WY,2,1195,999,WY,1390,OR
Curry County,2,NM OR,2,1265,1151,NM,1379,OR
Dade County,2,GA MO,2,1151,962,MO,1340,GA
Dakota County,2,MN NE,2,1464,1194,NE,1734,MN
Davidson County,2,NC TN,2,1443,1087,NC,1798,TN
Davis County,2,IA UT,2,1329,1066,IA,1591,UT
DeSoto County,2,FL MS,2,1195,1089,FL,1301,MS
Deuel County,2,NE SD,2,1014,1014,NE,1014,NE
Dewey County,2,OK SD,2,965,916,OK,1014,SD
Dorchester County,2,MD SC,2,1522,1159,MD,1884,SC
Dunn County,2,ND WI,2,1086,1042,WI,1130,ND
Duval County,2,FL TX,2,1386,1078,TX,1694,FL
Eddy County,2,ND NM,2,1133,1014,ND,1252,NM
Effingham County,2,GA IL,2,1305,930,IL,1679,GA
El Paso County,2,CO TX,2,1384,1146,TX,1621,CO
Elbert County,2,CO GA,2,1591,1013,GA,2169,CO
Elk County,2,KS PA,2,988,961,KS,1014,PA
Elmore County,2,AL ID,2,1218,1150,AL,1285,ID
Emmet County,2,IA MI,2,1132,927,IA,1336,MI
Escambia County,2,AL FL,2,1235,921,AL,1548,FL
Fairfield County,2,OH SC,2,1414,1226,SC,1602,OH
Fannin County,2,GA TX,2,1048,1002,GA,1093,TX
Fillmore County,2,MN NE,2,1014,1014,MN,1014,MN
Florence County,2,SC WI,2,1092,1063,WI,1121,SC
Ford County,2,IL KS,2,1008,930,IL,1085,KS
Forest County,2,PA WI,2,1014,1014,PA,1014,PA
Forsyth County,2,GA NC,2,1547,1332,NC,1762,GA
Frederick County,2,MD VA,2,1972,1505,VA,2438,MD
Genesee County,2,MI NY,2,1123,1113,NY,1133,MI
Gibson County,2,IN TN,2,1039,995,TN,1083,IN
Giles County,2,TN VA,2,1052,999,VA,1105,TN
Gilmer County,2,GA WV,2,996,944,WV,1047,GA
Gloucester County,2,NJ VA,2,1764,1667,VA,1860,NJ
Golden Valley County,2,MT ND,2,1288,1233,ND,1342,MT
Grady County,2,GA OK,2,1007,1002,GA,1011,OK
Grand County,2,CO UT,2,1660,1475,UT,1844,CO
Gray County,2,KS TX,2,1026,969,KS,1083,TX
Greeley County,2,KS NE,2,988,961,KS,1014,NE
Green County,2,KY WI,2,963,909,KY,1016,WI
Greenwood County,2,KS SC,2,923,885,SC,961,KS
Guadalupe County,2,NM TX,2,1228,1014,NM,1441,TX
Hale County,2,AL TX,2,1090,1014,TX,1165,AL
Halifax County,2,NC VA,2,978,943,VA,1012,NC
Hampshire County,2,MA WV,2,1770,1505,WV,2034,MA
Hardeman County,2,TN TX,2,1005,995,TN,1014,TX
Harding County,2,NM SD,2,1062,1059,NM,1064,SD
Harlan County,2,KY NE,2,962,909,KY,1014,NE
Harper County,2,KS OK,2,939,916,OK,961,KS
Harris County,2,GA TX,2,1355,1212,GA,1497,TX
Hart County,2,GA KY,2,956,909,KY,1002,GA
Haywood County,2,NC TN,2,1123,995,TN,1250,NC
Hickman County,2,KY TN,2,969,909,KY,1028,TN
Hidalgo County,2,NM TX,2,1016,1014,NM,1017,TX
Highland County,2,OH VA,2,973,943,VA,1003,OH
Hill County,2,MT TX,2,1195,1080,TX,1310,MT
Hillsborough County,2,FL NH,2,2043,1917,FL,2168,NH
Holt County,2,MO NE,2,988,962,MO,1014,NE
Hopkins County,2,KY TX,2,1082,959,KY,1205,TX
Hughes County,2,OK SD,2,1055,916,OK,1194,SD
Humphreys County,2,MS TN,2,980,905,MS,1055,TN
Huron County,2,MI OH,2,1009,1003,OH,1014,MI
Hutchinson County,2,SD TX,2,1014,1014,SD,1014,SD
Hyde County,2,NC SD,2,1013,1012,NC,1014,SD
Iowa County,2,IA WI,2,1010,927,IA,1093,WI
Jeff Davis County,2,GA TX,2,1040,1002,GA,1078,TX
Johnston County,2,NC OK,2,1303,916,OK,1689,NC
Kane County,2,IL UT,2,1784,1557,UT,2011,IL
Kendall County,2,IL TX,2,1996,1650,TX,2341,IL
King County,2,TX WA,2,1814,1078,TX,2549,WA
Kings County,2,CA NY,2,2242,1512,CA,2971,NY
La Salle County,2,IL TX,2,1063,1052,IL,1073,TX
Lane County,2,KS OR,2,1254,961,KS,1546,OR
Laurens County,2,GA SC,2,1063,1007,GA,1119,SC
Leon County,2,FL TX,2,1219,1014,TX,1424,FL
Limestone County,2,AL TX,2,1178,1014,TX,1341,AL
Louisa County,2,IA VA,2,1109,927,IA,1291,VA
Lucas County,2,IA OH,2,1048,951,IA,1145,OH
Marquette County,2,MI WI,2,1107,1014,WI,1199,MI
McDowell County,2,NC WV,2,978,944,WV,1012,NC
McHenry County,2,IL ND,2,1513,1014,ND,2011,IL
Mecklenburg County,2,NC VA,2,1373,960,VA,1785,NC
Medina County,2,OH TX,2,1253,1231,TX,1274,OH
Meigs County,2,OH TN,2,1024,1003,OH,1045,TN
Menard County,2,IL TX,2,1126,1014,TX,1237,IL
Menominee County,2,MI WI,2,1014,1014,MI,1014,MI
Midland County,2,MI TX,2,1500,1205,MI,1794,TX
Mills County,2,IA TX,2,1232,1014,TX,1450,IA
Mississippi County,2,AR MO,2,936,909,AR,962,MO
Morrow County,2,OH OR,2,1308,1014,OR,1602,OH
Morton County,2,KS ND,2,1014,961,KS,1067,ND
Nassau County,2,FL NY,2,2192,1694,FL,2689,NY
Nemaha County,2,KS NE,2,988,961,KS,1014,NE
Nevada County,2,AR CA,2,1421,956,AR,1885,CA
Nicholas County,2,KY WV,2,927,909,KY,944,WV
Northumberland County,2,PA VA,2,1198,1014,PA,1382,VA
Oconee County,2,GA SC,2,1090,894,SC,1285,GA
Oldham County,2,KY TX,2,1171,1065,TX,1276,KY
Orleans County,2,NY VT,2,1390,1363,VT,1416,NY
Otero County,2,CO NM,2,1037,1014,NM,1059,CO
Otsego County,2,MI NY,2,1214,1192,MI,1235,NY
Owen County,2,IN KY,2,1018,1014,IN,1022,KY
Page County,2,IA VA,2,940,927,IA,953,VA
Panola County,2,MS TX,2,1004,947,MS,1060,TX
Paulding County,2,GA OH,2,1383,1003,OH,1762,GA
Pendleton County,2,KY WV,2,1193,944,WV,1442,KY
Pennington County,2,MN SD,2,1286,1142,MN,1430,SD
Perkins County,2,NE SD,2,1022,1014,NE,1030,SD
Phelps County,2,MO NE,2,994,973,MO,1014,NE
Plymouth County,2,IA MA,2,1714,1018,IA,2409,MA
Pocahontas County,2,IA WV,2,936,927,IA,944,WV
Pontotoc County,2,MS OK,2,953,923,MS,982,OK
Portage County,2,OH WI,2,1154,1077,WI,1231,OH
Pottawatomie County,2,KS OK,2,1028,949,OK,1107,KS
Powell County,2,KY MT,2,1023,909,KY,1136,MT
Prairie County,2,AR MT,2,1231,909,AR,1552,MT
Quitman County,2,GA MS,2,954,905,MS,1002,GA
Ramsey County,2,MN ND,2,1374,1014,ND,1734,MN
Renville County,2,MN ND,2,1014,1014,MN,1014,MN
Rice County,2,KS MN,2,1094,961,KS,1226,MN
Ripley County,2,IN MO,2,1008,962,MO,1053,IN
Roane County,2,TN WV,2,996,944,WV,1048,TN
Roberts County,2,SD TX,2,1046,1014,SD,1078,TX
Roosevelt County,2,MT NM,2,1109,1014,NM,1203,MT
Rowan County,2,KY NC,2,1120,977,KY,1262,NC
Rush County,2,IN KS,2,988,961,KS,1014,IN
Rusk County,2,TX WI,2,1110,1014,WI,1205,TX
Rutherford County,2,NC TN,2,1405,1012,NC,1798,TN
San Miguel County,2,CO NM,2,1354,1077,NM,1631,CO
Santa Cruz County,2,AZ CA,2,2648,1041,AZ,4254,CA
Scotland County,2,MO NC,2,987,962,MO,1012,NC
Sedgwick County,2,CO KS,2,1029,1014,CO,1043,KS
Seneca County,2,NY OH,2,1101,1057,OH,1145,NY
Seward County,2,KS NE,2,1065,1055,NE,1074,KS
Sierra County,2,CA NM,2,1270,1014,NM,1526,CA
Simpson County,2,KY MS,2,1014,905,MS,1122,KY
Spencer County,2,IN KY,2,1145,1014,IN,1276,KY
St. Joseph County,2,IN MI,2,1161,1046,MI,1276,IN
St. Louis County,2,MN MO,2,1278,1207,MN,1349,MO
Stafford County,2,KS VA,2,1700,961,KS,2438,VA
Stanton County,2,KS NE,2,1081,961,KS,1201,NE
Steele County,2,MN ND,2,1129,1014,ND,1244,MN
Steuben County,2,IN NY,2,1080,1058,NY,1102,IN
Stewart County,2,GA TN,2,999,995,TN,1002,GA
Suffolk County,2,MA NY,2,2849,2689,NY,3008,MA
Sumner County,2,KS TN,2,1422,1046,KS,1798,TN
Surry County,2,NC VA,2,1038,1012,NC,1064,VA
Talbot County,2,GA MD,2,1212,1002,GA,1421,MD
Tazewell County,2,IL VA,2,1078,943,VA,1212,IL
Terrell County,2,GA TX,2,1091,1078,TX,1103,GA
Texas County,2,MO OK,2,1021,962,MO,1079,OK
Thurston County,2,NE WA,2,1480,1014,NE,1946,WA
Tioga County,2,NY PA,2,1132,1045,PA,1219,NY
Tipton County,2,IN TN,2,1270,1239,IN,1301,TN
Trinity County,2,CA TX,2,1116,1079,TX,1153,CA
Turner County,2,GA SD,2,1115,1002,GA,1228,SD
Tyler County,2,TX WV,2,1031,944,WV,1117,TX
Upshur County,2,TX WV,2,1113,993,WV,1232,TX
Vernon County,2,MO WI,2,1046,994,MO,1097,WI
Wabash County,2,IL IN,2,1003,992,IL,1014,IN
Walton County,2,FL GA,2,1618,1474,FL,1762,GA
Walworth County,2,SD WI,2,1234,1167,SD,1300,WI
Ward County,2,ND TX,2,1228,1049,ND,1406,TX
Wells County,2,IN ND,2,1058,1014,ND,1102,IN
Westmoreland County,2,PA VA,2,1317,1245,VA,1389,PA
Whitley County,2,IN KY,2,1079,909,KY,1248,IN
Wichita County,2,KS TX,2,1053,961,KS,1145,TX
Wilcox County,2,AL GA,2,962,921,AL,1002,GA
Wilkes County,2,GA NC,2,1007,1002,GA,1012,NC
Wilkinson County,2,GA MS,2,954,905,MS,1002,GA
Williams County,2,ND OH,2,1196,1003,OH,1388,ND
Winston County,2,AL MS,2,913,905,MS,921,AL
Wise County,2,TX VA,2,1054,943,VA,1164,TX
Woodford County,2,IL KY,2,1314,1212,IL,1416,KY
Worcester County,2,MA MD,2,1614,1184,MD,2043,MA
Yuma County,2,AZ CO,2,1188,1132,CO,1244,AZ
