metro_code,metro_name,state,zip_count,fmr_0br_median,fmr_1br_median,fmr_2br_median,fmr_3br_median,fmr_4br_median
METRO47900M47900,"Washington-Arlington-Alexandria, DC-VA-MD HUD Metro FMR Area",DC,488,2080,2170,2400,3060,3600
METRO31080MM4480,"Los Angeles-Long Beach-Glendale, CA HUD Metro FMR Area",CA,474,2150,2400,2960,3760,4200
METRO37980M37980,"Philadelphia-Camden-Wilmington, PA-NJ-DE-MD MSA",PA,473,1460,1580,1900,2280,2500
METRO35620MM5600,"New York, NY HUD Metro FMR Area",NY,410,2865,3010,3295,4155,4550
METRO38300M38300,"Pittsburgh, PA HUD Metro FMR Area",PA,393,950,1020,1230,1570,1700
METRO16980M16980,"Chicago-Joliet-Naperville, IL HUD Metro FMR Area",IL,370,1650,1750,2010,2580,2940
METRO26420M26420,"Houston-The Woodlands-Sugar Land, TX HUD Metro FMR Area",TX,327,1210,1240,1470,1980,2460
METRO12060M12060,"Atlanta-Sandy Springs-Roswell, GA HUD Metro FMR Area",GA,299,1560,1630,1770,2110,2500
METRO41180M41180,"St. Louis, MO-IL HUD Metro FMR Area",MO,268,970,1010,1230,1580,1820
METRO19100M19100,"Dallas, TX HUD Metro FMR Area",TX,260,1420,1460,1720,2170,2750
METRO14460MM1120,"Boston-Cambridge-Quincy, MA-NH HUD Metro FMR Area",MA,259,2250,2340,2820,3360,3710
METRO28140M28140,"Kansas City, MO-KS HUD Metro FMR Area",MO,252,1190,1290,1460,1910,2280
METRO19820M19820,"Detroit-Warren-Livonia, MI HUD Metro FMR Area",MI,250,1050,1170,1460,1780,1930
METRO33460M33460,"Minneapolis-St. Paul-Bloomington, MN-WI HUD Metro FMR Area",MN,246,1210,1370,1665,2180,2440
METRO38060M38060,"Phoenix-Mesa-Chandler, AZ MSA",AZ,225,1400,1500,1740,2300,2550
METRO40140M40140,"Riverside-San Bernardino-Ontario, CA MSA",CA,217,1560,1650,2040,2690,3240
METRO45300M45300,"Tampa-St. Petersburg-Clearwater, FL MSA",FL,208,1610,1660,1930,2470,3000
METRO12580M12580,"Baltimore-Columbia-Towson, MD MSA",MD,191,1570,1680,2070,2610,2910
METRO35620MM5380,"Nassau-Suffolk, NY HUD Metro FMR Area",NY,190,2010,2345,2740,3520,3740
METRO17140M17140,"Cincinnati, OH-KY-IN HUD Metro FMR Area",OH,184,1010,1080,1380,1820,2050
METRO19740M19740,"Denver-Aurora-Centennial, CO MSA",CO,182,1740,1820,2150,2820,3160
METRO41740M41740,"San Diego-Chula Vista-Carlsbad, CA MSA",CA,178,2190,2330,2820,3740,4520
METRO38900M38900,"Portland-Vancouver-Hillsboro, OR-WA MSA",OR,165,1470,1570,1810,2460,2960
METRO35620MM5640,"Newark, NJ HUD Metro FMR Area",NJ,161,1800,2040,2460,3070,3510
METRO36740M36740,"Orlando-Kissimmee-Sanford, FL MSA",FL,154,1680,1750,1990,2480,2900
METRO10580M10580,"Albany-Schenectady-Troy, NY MSA",NY,153,1150,1320,1590,1900,2120
METRO42660MM7600,"Seattle-Bellevue, WA HUD Metro FMR Area",WA,153,2130,2220,2600,3390,4030
METRO47260M47260,"Virginia Beach-Norfolk-Newport News, VA-NC HUD Metro FMR Area",VA,152,1375,1385,1555,2145,2530
METRO40380M40380,"Rochester, NY MSA",NY,151,1010,1140,1420,1710,1880
METRO31080MM5945,"Santa Ana-Anaheim-Irvine, CA HUD Metro FMR Area",CA,147,2580,2610,3060,4160,4970
METRO18140M18140,"Columbus, OH HUD Metro FMR Area",OH,143,1080,1150,1380,1670,1900
METRO25540M25540,"Hartford-West Hartford-East Hartford, CT MSA",CT,142,1340,1540,1930,2300,2540
METRO41700M41700,"San Antonio-New Braunfels, TX HUD Metro FMR Area",TX,138,1090,1190,1430,1850,2150
METRO26900M26900,"Indianapolis-Carmel, IN HUD Metro FMR Area",IN,136,1110,1240,1435,1855,2240
METRO13820M13820,"Birmingham-Hoover, AL HUD Metro FMR Area",AL,134,1070,1145,1250,1570,1760
METRO36540M36540,"Omaha-Council Bluffs, NE-IA HUD Metro FMR Area",NE,134,1025,1075,1290,1725,1925
METRO12420M12420,"Austin-Round Rock-San Marcos, TX MSA",TX,131,1470,1560,1850,2330,2740
METRO31140M31140,"Louisville, KY-IN HUD Metro FMR Area",KY,130,960,1040,1250,1600,1840
METRO40900M40900,"Sacramento--Roseville--Arden-Arcade, CA HUD Metro FMR Area",CA,130,1720,1770,2170,2860,3295
METRO16740M16740,"Charlotte-Concord-Gastonia, NC-SC HUD Metro FMR Area",NC,129,1670,1740,1890,2310,2940
METRO36420M36420,"Oklahoma City, OK HUD Metro FMR Area",OK,129,940,1020,1240,1680,1890
METRO17410N17460,"Cleveland, OH HUD Metro FMR Area",OH,126,925,1050,1270,1620,1755
METRO19100MM2800,"Fort Worth-Arlington, TX HUD Metro FMR Area",TX,126,1470,1490,1750,2290,2870
METRO34980M34980,"Nashville-Davidson--Murfreesboro--Franklin, TN HUD Metro FMR Area",TN,125,1470,1530,1670,2140,2600
METRO46140M46140,"Tulsa, OK HUD Metro FMR Area",OK,122,890,945,1150,1515,1770
METRO45060M45060,"Syracuse, NY MSA",NY,121,1010,1140,1420,1740,1930
METRO33100MM5000,"Miami-Miami Beach-Kendall, FL HUD Metro FMR Area",FL,120,1950,2120,2560,3270,3740
METRO40060M40060,"Richmond, VA HUD Metro FMR Area",VA,118,1350,1420,1550,1930,2355
METRO41860MM5775,"Oakland-Fremont, CA HUD Metro FMR Area",CA,115,2090,2290,2810,3600,4260
METRO15380M15380,"Buffalo-Cheektowaga, NY MSA",NY,114,1100,1120,1330,1620,1850
