city,theme,count,osm_license
Sao Paulo,water fountains,105,"The data included in this document is from www.openstreetmap.org. The data is made available under ODbL."
Sao Paulo,public bookcases,4,"The data included in this document is from www.openstreetmap.org. The data is made available under ODbL."
Sao Paulo,bike repair stations,7,"The data included in this document is from www.openstreetmap.org. The data is made available under ODbL."
Buenos Aires,water fountains,182,"The data included in this document is from www.openstreetmap.org. The data is made available under ODbL."
Buenos Aires,public bookcases,1,"The data included in this document is from www.openstreetmap.org. The data is made available under ODbL."
Buenos Aires,bike repair stations,2,"The data included in this document is from www.openstreetmap.org. The data is made available under ODbL."
Mexico City,water fountains,61,"The data included in this document is from www.openstreetmap.org. The data is made available under ODbL."
Mexico City,public bookcases,0,"The data included in this document is from www.openstreetmap.org. The data is made available under ODbL."
Mexico City,bike repair stations,23,"The data included in this document is from www.openstreetmap.org. The data is made available under ODbL."
