month,geo,unit,value,geo_label,unit_label
2016-12,EU27,I15,100.0,European Union - 27 countries (from 2020),"Index, 2015=100"
2017-01,EU27,I15,100.13,European Union - 27 countries (from 2020),"Index, 2015=100"
2017-02,EU27,I15,100.27,European Union - 27 countries (from 2020),"Index, 2015=100"
2017-03,EU27,I15,100.35,European Union - 27 countries (from 2020),"Index, 2015=100"
2017-04,EU27,I15,100.47,European Union - 27 countries (from 2020),"Index, 2015=100"
2017-05,EU27,I15,100.55,European Union - 27 countries (from 2020),"Index, 2015=100"
2017-06,EU27,I15,100.65,European Union - 27 countries (from 2020),"Index, 2015=100"
2017-07,EU27,I15,100.82,European Union - 27 countries (from 2020),"Index, 2015=100"
2017-08,EU27,I15,100.9,European Union - 27 countries (from 2020),"Index, 2015=100"
2017-09,EU27,I15,100.98,European Union - 27 countries (from 2020),"Index, 2015=100"
2017-10,EU27,I15,101.09,European Union - 27 countries (from 2020),"Index, 2015=100"
2017-11,EU27,I15,101.18,European Union - 27 countries (from 2020),"Index, 2015=100"
2017-12,EU27,I15,101.26,European Union - 27 countries (from 2020),"Index, 2015=100"
2018-01,EU27,I15,101.43,European Union - 27 countries (from 2020),"Index, 2015=100"
2018-02,EU27,I15,101.58,European Union - 27 countries (from 2020),"Index, 2015=100"
2018-03,EU27,I15,101.69,European Union - 27 countries (from 2020),"Index, 2015=100"
2018-04,EU27,I15,101.8,European Union - 27 countries (from 2020),"Index, 2015=100"
2018-05,EU27,I15,101.92,European Union - 27 countries (from 2020),"Index, 2015=100"
2018-06,EU27,I15,101.78,European Union - 27 countries (from 2020),"Index, 2015=100"
2018-07,EU27,I15,102.02,European Union - 27 countries (from 2020),"Index, 2015=100"
2018-08,EU27,I15,102.1,European Union - 27 countries (from 2020),"Index, 2015=100"
2018-09,EU27,I15,102.2,European Union - 27 countries (from 2020),"Index, 2015=100"
2018-10,EU27,I15,102.33,European Union - 27 countries (from 2020),"Index, 2015=100"
2018-11,EU27,I15,102.43,European Union - 27 countries (from 2020),"Index, 2015=100"
2018-12,EU27,I15,102.51,European Union - 27 countries (from 2020),"Index, 2015=100"
2019-01,EU27,I15,102.67,European Union - 27 countries (from 2020),"Index, 2015=100"
2019-02,EU27,I15,102.93,European Union - 27 countries (from 2020),"Index, 2015=100"
2019-03,EU27,I15,103.03,European Union - 27 countries (from 2020),"Index, 2015=100"
2019-04,EU27,I15,103.17,European Union - 27 countries (from 2020),"Index, 2015=100"
2019-05,EU27,I15,103.26,European Union - 27 countries (from 2020),"Index, 2015=100"
2019-06,EU27,I15,103.36,European Union - 27 countries (from 2020),"Index, 2015=100"
2019-07,EU27,I15,103.67,European Union - 27 countries (from 2020),"Index, 2015=100"
2019-08,EU27,I15,103.77,European Union - 27 countries (from 2020),"Index, 2015=100"
2019-09,EU27,I15,103.87,European Union - 27 countries (from 2020),"Index, 2015=100"
2019-10,EU27,I15,103.99,European Union - 27 countries (from 2020),"Index, 2015=100"
2019-11,EU27,I15,104.07,European Union - 27 countries (from 2020),"Index, 2015=100"
2019-12,EU27,I15,104.16,European Union - 27 countries (from 2020),"Index, 2015=100"
2020-01,EU27,I15,104.41,European Union - 27 countries (from 2020),"Index, 2015=100"
2020-02,EU27,I15,104.52,European Union - 27 countries (from 2020),"Index, 2015=100"
2020-03,EU27,I15,104.63,European Union - 27 countries (from 2020),"Index, 2015=100"
2020-04,EU27,I15,104.68,European Union - 27 countries (from 2020),"Index, 2015=100"
2020-05,EU27,I15,104.69,European Union - 27 countries (from 2020),"Index, 2015=100"
2020-06,EU27,I15,104.77,European Union - 27 countries (from 2020),"Index, 2015=100"
2020-07,EU27,I15,105.05,European Union - 27 countries (from 2020),"Index, 2015=100"
2020-08,EU27,I15,105.14,European Union - 27 countries (from 2020),"Index, 2015=100"
2020-09,EU27,I15,105.22,European Union - 27 countries (from 2020),"Index, 2015=100"
2020-10,EU27,I15,105.32,European Union - 27 countries (from 2020),"Index, 2015=100"
2020-11,EU27,I15,105.38,European Union - 27 countries (from 2020),"Index, 2015=100"
2020-12,EU27,I15,105.46,European Union - 27 countries (from 2020),"Index, 2015=100"
2021-01,EU27,I15,105.58,European Union - 27 countries (from 2020),"Index, 2015=100"
2021-02,EU27,I15,105.83,European Union - 27 countries (from 2020),"Index, 2015=100"
2021-03,EU27,I15,105.94,European Union - 27 countries (from 2020),"Index, 2015=100"
2021-04,EU27,I15,106.06,European Union - 27 countries (from 2020),"Index, 2015=100"
2021-05,EU27,I15,106.12,European Union - 27 countries (from 2020),"Index, 2015=100"
2021-06,EU27,I15,106.17,European Union - 27 countries (from 2020),"Index, 2015=100"
2021-07,EU27,I15,106.29,European Union - 27 countries (from 2020),"Index, 2015=100"
2021-08,EU27,I15,106.42,European Union - 27 countries (from 2020),"Index, 2015=100"
2021-09,EU27,I15,106.56,European Union - 27 countries (from 2020),"Index, 2015=100"
2021-10,EU27,I15,106.68,European Union - 27 countries (from 2020),"Index, 2015=100"
2021-11,EU27,I15,106.69,European Union - 27 countries (from 2020),"Index, 2015=100"
2021-12,EU27,I15,106.81,European Union - 27 countries (from 2020),"Index, 2015=100"
2022-01,EU27,I15,106.99,European Union - 27 countries (from 2020),"Index, 2015=100"
2022-02,EU27,I15,107.27,European Union - 27 countries (from 2020),"Index, 2015=100"
2022-03,EU27,I15,107.47,European Union - 27 countries (from 2020),"Index, 2015=100"
2022-04,EU27,I15,107.68,European Union - 27 countries (from 2020),"Index, 2015=100"
2022-05,EU27,I15,107.95,European Union - 27 countries (from 2020),"Index, 2015=100"
2022-06,EU27,I15,108.14,European Union - 27 countries (from 2020),"Index, 2015=100"
2022-07,EU27,I15,108.53,European Union - 27 countries (from 2020),"Index, 2015=100"
2022-08,EU27,I15,108.72,European Union - 27 countries (from 2020),"Index, 2015=100"
2022-09,EU27,I15,108.95,European Union - 27 countries (from 2020),"Index, 2015=100"
2022-10,EU27,I15,109.16,European Union - 27 countries (from 2020),"Index, 2015=100"
2022-11,EU27,I15,109.4,European Union - 27 countries (from 2020),"Index, 2015=100"
2022-12,EU27,I15,109.6,European Union - 27 countries (from 2020),"Index, 2015=100"
2023-01,EU27,I15,109.88,European Union - 27 countries (from 2020),"Index, 2015=100"
2023-02,EU27,I15,110.49,European Union - 27 countries (from 2020),"Index, 2015=100"
2023-03,EU27,I15,110.75,European Union - 27 countries (from 2020),"Index, 2015=100"
2023-04,EU27,I15,110.93,European Union - 27 countries (from 2020),"Index, 2015=100"
2023-05,EU27,I15,111.23,European Union - 27 countries (from 2020),"Index, 2015=100"
2023-06,EU27,I15,111.43,European Union - 27 countries (from 2020),"Index, 2015=100"
2023-07,EU27,I15,111.81,European Union - 27 countries (from 2020),"Index, 2015=100"
2023-08,EU27,I15,112.11,European Union - 27 countries (from 2020),"Index, 2015=100"
2023-09,EU27,I15,112.28,European Union - 27 countries (from 2020),"Index, 2015=100"
2023-10,EU27,I15,112.53,European Union - 27 countries (from 2020),"Index, 2015=100"
2023-11,EU27,I15,112.66,European Union - 27 countries (from 2020),"Index, 2015=100"
2023-12,EU27,I15,112.91,European Union - 27 countries (from 2020),"Index, 2015=100"
2024-01,EU27,I15,113.3,European Union - 27 countries (from 2020),"Index, 2015=100"
2024-02,EU27,I15,113.86,European Union - 27 countries (from 2020),"Index, 2015=100"
2024-03,EU27,I15,114.13,European Union - 27 countries (from 2020),"Index, 2015=100"
2024-04,EU27,I15,114.37,European Union - 27 countries (from 2020),"Index, 2015=100"
2024-05,EU27,I15,114.6,European Union - 27 countries (from 2020),"Index, 2015=100"
2024-06,EU27,I15,114.82,European Union - 27 countries (from 2020),"Index, 2015=100"
2024-07,EU27,I15,115.48,European Union - 27 countries (from 2020),"Index, 2015=100"
2024-08,EU27,I15,115.7,European Union - 27 countries (from 2020),"Index, 2015=100"
2024-09,EU27,I15,115.9,European Union - 27 countries (from 2020),"Index, 2015=100"
2024-10,EU27,I15,116.17,European Union - 27 countries (from 2020),"Index, 2015=100"
2024-11,EU27,I15,116.39,European Union - 27 countries (from 2020),"Index, 2015=100"
2024-12,EU27,I15,116.58,European Union - 27 countries (from 2020),"Index, 2015=100"
2025-01,EU27,I15,116.97,European Union - 27 countries (from 2020),"Index, 2015=100"
2025-02,EU27,I15,117.54,European Union - 27 countries (from 2020),"Index, 2015=100"
2025-03,EU27,I15,117.76,European Union - 27 countries (from 2020),"Index, 2015=100"
2025-04,EU27,I15,118.07,European Union - 27 countries (from 2020),"Index, 2015=100"
2025-05,EU27,I15,118.29,European Union - 27 countries (from 2020),"Index, 2015=100"
2025-06,EU27,I15,118.49,European Union - 27 countries (from 2020),"Index, 2015=100"
2025-07,EU27,I15,119.12,European Union - 27 countries (from 2020),"Index, 2015=100"
2025-08,EU27,I15,119.4,European Union - 27 countries (from 2020),"Index, 2015=100"
2025-09,EU27,I15,119.55,European Union - 27 countries (from 2020),"Index, 2015=100"
2025-10,EU27,I15,119.81,European Union - 27 countries (from 2020),"Index, 2015=100"
2025-11,EU27,I15,120.16,European Union - 27 countries (from 2020),"Index, 2015=100"
2025-12,EU27,I15,120.36,European Union - 27 countries (from 2020),"Index, 2015=100"
2009-12,NL,I15,85.08,Netherlands,"Index, 2015=100"
2010-01,NL,I15,85.08,Netherlands,"Index, 2015=100"
2010-02,NL,I15,85.08,Netherlands,"Index, 2015=100"
2010-03,NL,I15,85.08,Netherlands,"Index, 2015=100"
2010-04,NL,I15,85.08,Netherlands,"Index, 2015=100"
2010-05,NL,I15,85.08,Netherlands,"Index, 2015=100"
2010-06,NL,I15,85.08,Netherlands,"Index, 2015=100"
2010-07,NL,I15,86.48,Netherlands,"Index, 2015=100"
2010-08,NL,I15,86.48,Netherlands,"Index, 2015=100"
2010-09,NL,I15,86.48,Netherlands,"Index, 2015=100"
2010-10,NL,I15,86.48,Netherlands,"Index, 2015=100"
2010-11,NL,I15,86.48,Netherlands,"Index, 2015=100"
2010-12,NL,I15,86.48,Netherlands,"Index, 2015=100"
2011-01,NL,I15,86.48,Netherlands,"Index, 2015=100"
2011-02,NL,I15,86.48,Netherlands,"Index, 2015=100"
2011-03,NL,I15,86.48,Netherlands,"Index, 2015=100"
2011-04,NL,I15,86.48,Netherlands,"Index, 2015=100"
2011-05,NL,I15,86.48,Netherlands,"Index, 2015=100"
2011-06,NL,I15,86.48,Netherlands,"Index, 2015=100"
2011-07,NL,I15,88.02,Netherlands,"Index, 2015=100"
2011-08,NL,I15,88.02,Netherlands,"Index, 2015=100"
2011-09,NL,I15,88.02,Netherlands,"Index, 2015=100"
2011-10,NL,I15,88.02,Netherlands,"Index, 2015=100"
2011-11,NL,I15,88.02,Netherlands,"Index, 2015=100"
2011-12,NL,I15,88.02,Netherlands,"Index, 2015=100"
2012-01,NL,I15,88.02,Netherlands,"Index, 2015=100"
2012-02,NL,I15,88.02,Netherlands,"Index, 2015=100"
2012-03,NL,I15,88.02,Netherlands,"Index, 2015=100"
2012-04,NL,I15,88.02,Netherlands,"Index, 2015=100"
2012-05,NL,I15,88.02,Netherlands,"Index, 2015=100"
2012-06,NL,I15,88.02,Netherlands,"Index, 2015=100"
2012-07,NL,I15,90.52,Netherlands,"Index, 2015=100"
2012-08,NL,I15,90.52,Netherlands,"Index, 2015=100"
2012-09,NL,I15,90.52,Netherlands,"Index, 2015=100"
2012-10,NL,I15,90.52,Netherlands,"Index, 2015=100"
2012-11,NL,I15,90.52,Netherlands,"Index, 2015=100"
2012-12,NL,I15,90.52,Netherlands,"Index, 2015=100"
2013-01,NL,I15,90.52,Netherlands,"Index, 2015=100"
2013-02,NL,I15,90.52,Netherlands,"Index, 2015=100"
2013-03,NL,I15,90.52,Netherlands,"Index, 2015=100"
2013-04,NL,I15,90.52,Netherlands,"Index, 2015=100"
2013-05,NL,I15,90.52,Netherlands,"Index, 2015=100"
2013-06,NL,I15,90.52,Netherlands,"Index, 2015=100"
2013-07,NL,I15,94.73,Netherlands,"Index, 2015=100"
2013-08,NL,I15,94.73,Netherlands,"Index, 2015=100"
2013-09,NL,I15,94.73,Netherlands,"Index, 2015=100"
2013-10,NL,I15,94.73,Netherlands,"Index, 2015=100"
2013-11,NL,I15,94.73,Netherlands,"Index, 2015=100"
2013-12,NL,I15,94.73,Netherlands,"Index, 2015=100"
2014-01,NL,I15,94.73,Netherlands,"Index, 2015=100"
2014-02,NL,I15,94.73,Netherlands,"Index, 2015=100"
2014-03,NL,I15,94.73,Netherlands,"Index, 2015=100"
2014-04,NL,I15,94.73,Netherlands,"Index, 2015=100"
2014-05,NL,I15,94.73,Netherlands,"Index, 2015=100"
2014-06,NL,I15,94.73,Netherlands,"Index, 2015=100"
2014-07,NL,I15,98.86,Netherlands,"Index, 2015=100"
2014-08,NL,I15,98.86,Netherlands,"Index, 2015=100"
2014-09,NL,I15,98.86,Netherlands,"Index, 2015=100"
2014-10,NL,I15,98.86,Netherlands,"Index, 2015=100"
2014-11,NL,I15,98.86,Netherlands,"Index, 2015=100"
2014-12,NL,I15,98.86,Netherlands,"Index, 2015=100"
2015-01,NL,I15,98.86,Netherlands,"Index, 2015=100"
2015-02,NL,I15,98.86,Netherlands,"Index, 2015=100"
2015-03,NL,I15,98.86,Netherlands,"Index, 2015=100"
2015-04,NL,I15,98.86,Netherlands,"Index, 2015=100"
2015-05,NL,I15,98.86,Netherlands,"Index, 2015=100"
2015-06,NL,I15,98.86,Netherlands,"Index, 2015=100"
2015-07,NL,I15,101.22,Netherlands,"Index, 2015=100"
2015-08,NL,I15,101.22,Netherlands,"Index, 2015=100"
2015-09,NL,I15,101.22,Netherlands,"Index, 2015=100"
2015-10,NL,I15,101.06,Netherlands,"Index, 2015=100"
2015-11,NL,I15,101.06,Netherlands,"Index, 2015=100"
2015-12,NL,I15,101.06,Netherlands,"Index, 2015=100"
2016-01,NL,I15,101.06,Netherlands,"Index, 2015=100"
2016-02,NL,I15,101.06,Netherlands,"Index, 2015=100"
2016-03,NL,I15,101.06,Netherlands,"Index, 2015=100"
2016-04,NL,I15,101.06,Netherlands,"Index, 2015=100"
2016-05,NL,I15,101.06,Netherlands,"Index, 2015=100"
2016-06,NL,I15,101.06,Netherlands,"Index, 2015=100"
2016-07,NL,I15,103.11,Netherlands,"Index, 2015=100"
2016-08,NL,I15,103.11,Netherlands,"Index, 2015=100"
2016-09,NL,I15,103.11,Netherlands,"Index, 2015=100"
2016-10,NL,I15,103.11,Netherlands,"Index, 2015=100"
2016-11,NL,I15,103.11,Netherlands,"Index, 2015=100"
2016-12,NL,I15,103.11,Netherlands,"Index, 2015=100"
2017-01,NL,I15,103.11,Netherlands,"Index, 2015=100"
2017-02,NL,I15,103.11,Netherlands,"Index, 2015=100"
2017-03,NL,I15,103.11,Netherlands,"Index, 2015=100"
2017-04,NL,I15,103.11,Netherlands,"Index, 2015=100"
2017-05,NL,I15,103.11,Netherlands,"Index, 2015=100"
2017-06,NL,I15,103.11,Netherlands,"Index, 2015=100"
2017-07,NL,I15,104.75,Netherlands,"Index, 2015=100"
2017-08,NL,I15,104.75,Netherlands,"Index, 2015=100"
2017-09,NL,I15,104.75,Netherlands,"Index, 2015=100"
2017-10,NL,I15,104.75,Netherlands,"Index, 2015=100"
2017-11,NL,I15,104.75,Netherlands,"Index, 2015=100"
2017-12,NL,I15,104.75,Netherlands,"Index, 2015=100"
2018-01,NL,I15,104.75,Netherlands,"Index, 2015=100"
2018-02,NL,I15,104.75,Netherlands,"Index, 2015=100"
2018-03,NL,I15,104.75,Netherlands,"Index, 2015=100"
2018-04,NL,I15,104.75,Netherlands,"Index, 2015=100"
2018-05,NL,I15,104.75,Netherlands,"Index, 2015=100"
2018-06,NL,I15,104.75,Netherlands,"Index, 2015=100"
2018-07,NL,I15,107.16,Netherlands,"Index, 2015=100"
2018-08,NL,I15,107.16,Netherlands,"Index, 2015=100"
2018-09,NL,I15,107.16,Netherlands,"Index, 2015=100"
2018-10,NL,I15,107.2,Netherlands,"Index, 2015=100"
2018-11,NL,I15,107.2,Netherlands,"Index, 2015=100"
2018-12,NL,I15,107.2,Netherlands,"Index, 2015=100"
2019-01,NL,I15,107.2,Netherlands,"Index, 2015=100"
2019-02,NL,I15,107.2,Netherlands,"Index, 2015=100"
2019-03,NL,I15,107.2,Netherlands,"Index, 2015=100"
2019-04,NL,I15,107.2,Netherlands,"Index, 2015=100"
2019-05,NL,I15,107.2,Netherlands,"Index, 2015=100"
2019-06,NL,I15,107.2,Netherlands,"Index, 2015=100"
2019-07,NL,I15,109.91,Netherlands,"Index, 2015=100"
2019-08,NL,I15,109.91,Netherlands,"Index, 2015=100"
2019-09,NL,I15,109.91,Netherlands,"Index, 2015=100"
2019-10,NL,I15,109.91,Netherlands,"Index, 2015=100"
2019-11,NL,I15,109.91,Netherlands,"Index, 2015=100"
2019-12,NL,I15,109.91,Netherlands,"Index, 2015=100"
2020-01,NL,I15,109.91,Netherlands,"Index, 2015=100"
2020-02,NL,I15,109.91,Netherlands,"Index, 2015=100"
2020-03,NL,I15,109.91,Netherlands,"Index, 2015=100"
2020-04,NL,I15,109.91,Netherlands,"Index, 2015=100"
2020-05,NL,I15,109.91,Netherlands,"Index, 2015=100"
2020-06,NL,I15,109.91,Netherlands,"Index, 2015=100"
2020-07,NL,I15,113.08,Netherlands,"Index, 2015=100"
2020-08,NL,I15,113.08,Netherlands,"Index, 2015=100"
2020-09,NL,I15,113.08,Netherlands,"Index, 2015=100"
2020-10,NL,I15,113.15,Netherlands,"Index, 2015=100"
2020-11,NL,I15,113.15,Netherlands,"Index, 2015=100"
2020-12,NL,I15,113.15,Netherlands,"Index, 2015=100"
2021-01,NL,I15,113.15,Netherlands,"Index, 2015=100"
2021-02,NL,I15,113.15,Netherlands,"Index, 2015=100"
2021-03,NL,I15,113.15,Netherlands,"Index, 2015=100"
2021-04,NL,I15,113.15,Netherlands,"Index, 2015=100"
2021-05,NL,I15,113.15,Netherlands,"Index, 2015=100"
2021-06,NL,I15,113.15,Netherlands,"Index, 2015=100"
2021-07,NL,I15,114.0,Netherlands,"Index, 2015=100"
2021-08,NL,I15,114.0,Netherlands,"Index, 2015=100"
2021-09,NL,I15,114.0,Netherlands,"Index, 2015=100"
2021-10,NL,I15,114.0,Netherlands,"Index, 2015=100"
2021-11,NL,I15,114.0,Netherlands,"Index, 2015=100"
2021-12,NL,I15,114.0,Netherlands,"Index, 2015=100"
2022-01,NL,I15,114.0,Netherlands,"Index, 2015=100"
2022-02,NL,I15,114.0,Netherlands,"Index, 2015=100"
2022-03,NL,I15,114.0,Netherlands,"Index, 2015=100"
2022-04,NL,I15,114.0,Netherlands,"Index, 2015=100"
2022-05,NL,I15,114.0,Netherlands,"Index, 2015=100"
2022-06,NL,I15,114.0,Netherlands,"Index, 2015=100"
2022-07,NL,I15,117.38,Netherlands,"Index, 2015=100"
2022-08,NL,I15,117.38,Netherlands,"Index, 2015=100"
2022-09,NL,I15,117.38,Netherlands,"Index, 2015=100"
2022-10,NL,I15,117.38,Netherlands,"Index, 2015=100"
2022-11,NL,I15,117.38,Netherlands,"Index, 2015=100"
2022-12,NL,I15,117.38,Netherlands,"Index, 2015=100"
2023-01,NL,I15,117.38,Netherlands,"Index, 2015=100"
2023-02,NL,I15,117.38,Netherlands,"Index, 2015=100"
2023-03,NL,I15,117.38,Netherlands,"Index, 2015=100"
2023-04,NL,I15,117.38,Netherlands,"Index, 2015=100"
2023-05,NL,I15,117.38,Netherlands,"Index, 2015=100"
2023-06,NL,I15,117.38,Netherlands,"Index, 2015=100"
2023-07,NL,I15,119.7,Netherlands,"Index, 2015=100"
2023-08,NL,I15,119.7,Netherlands,"Index, 2015=100"
2023-09,NL,I15,119.7,Netherlands,"Index, 2015=100"
2023-10,NL,I15,119.7,Netherlands,"Index, 2015=100"
2023-11,NL,I15,119.7,Netherlands,"Index, 2015=100"
2023-12,NL,I15,119.7,Netherlands,"Index, 2015=100"
2024-01,NL,I15,119.7,Netherlands,"Index, 2015=100"
2024-02,NL,I15,119.7,Netherlands,"Index, 2015=100"
2024-03,NL,I15,119.7,Netherlands,"Index, 2015=100"
2024-04,NL,I15,119.7,Netherlands,"Index, 2015=100"
2024-05,NL,I15,119.7,Netherlands,"Index, 2015=100"
2024-06,NL,I15,119.7,Netherlands,"Index, 2015=100"
2024-07,NL,I15,126.2,Netherlands,"Index, 2015=100"
2024-08,NL,I15,126.2,Netherlands,"Index, 2015=100"
2024-09,NL,I15,126.2,Netherlands,"Index, 2015=100"
2024-10,NL,I15,126.2,Netherlands,"Index, 2015=100"
2024-11,NL,I15,126.2,Netherlands,"Index, 2015=100"
2024-12,NL,I15,126.2,Netherlands,"Index, 2015=100"
2025-01,NL,I15,126.2,Netherlands,"Index, 2015=100"
2025-02,NL,I15,126.2,Netherlands,"Index, 2015=100"
2025-03,NL,I15,126.2,Netherlands,"Index, 2015=100"
2025-04,NL,I15,126.2,Netherlands,"Index, 2015=100"
2025-05,NL,I15,126.2,Netherlands,"Index, 2015=100"
2025-06,NL,I15,126.2,Netherlands,"Index, 2015=100"
2025-07,NL,I15,132.36,Netherlands,"Index, 2015=100"
2025-08,NL,I15,132.36,Netherlands,"Index, 2015=100"
2025-09,NL,I15,132.36,Netherlands,"Index, 2015=100"
2025-10,NL,I15,132.36,Netherlands,"Index, 2015=100"
2025-11,NL,I15,132.36,Netherlands,"Index, 2015=100"
2025-12,NL,I15,132.36,Netherlands,"Index, 2015=100"
