entity,iso3,year,rural_pct
Argentina,ARG,1960,28.2761106197353
Argentina,ARG,1961,27.5645255058373
Argentina,ARG,1962,26.8271212225193
Argentina,ARG,1963,26.0726264581332
Argentina,ARG,1964,25.3120371330865
Argentina,ARG,1965,24.5563491677868
Argentina,ARG,1966,23.8165584826414
Argentina,ARG,1967,23.1036609980578
Argentina,ARG,1968,22.4286526344435
Argentina,ARG,1969,21.802529312206
Argentina,ARG,1970,21.2381602940259
Argentina,ARG,1971,20.7307835656388
Argentina,ARG,1972,20.2635039154628
Argentina,ARG,1973,19.827408997879
Argentina,ARG,1974,19.4164095668493
Argentina,ARG,1975,19.0244163763358
Argentina,ARG,1976,18.6453401803006
Argentina,ARG,1977,18.2730917327056
Argentina,ARG,1978,17.901581787513
Argentina,ARG,1979,17.5247210986848
Argentina,ARG,1980,17.1360445710542
Argentina,ARG,1981,16.7310157927578
Argentina,ARG,1982,16.3094752854558
Argentina,ARG,1983,15.8777555438767
Argentina,ARG,1984,15.4419228596308
Argentina,ARG,1985,15.0080435243284
Argentina,ARG,1986,14.5821838295798
Argentina,ARG,1987,14.1704100669952
Argentina,ARG,1988,13.7787885281848
Argentina,ARG,1989,13.4133855047591
Argentina,ARG,1990,13.0802672883281
Argentina,ARG,1991,12.7849723294303
Argentina,ARG,1992,12.5184126224381
Argentina,ARG,1993,12.2692286474905
Argentina,ARG,1994,12.035417349719
Argentina,ARG,1995,11.8146322488177
Argentina,ARG,1996,11.6045268644806
Argentina,ARG,1997,11.4027547164017
Argentina,ARG,1998,11.206969324275
Argentina,ARG,1999,11.0148242077947
Argentina,ARG,2000,10.8239728866546
Argentina,ARG,2001,10.6317048710628
Argentina,ARG,2002,10.4383298079487
Argentina,ARG,2003,10.247531743436
Argentina,ARG,2004,10.0602791205788
Argentina,ARG,2005,9.8766262263928
Argentina,ARG,2006,9.6966273478936
Argentina,ARG,2007,9.5203367720969
Argentina,ARG,2008,9.34780878601831
Argentina,ARG,2009,9.17909767667351
Argentina,ARG,2010,9.00699480590229
Argentina,ARG,2011,8.89277132615941
Argentina,ARG,2012,8.79587827532031
Argentina,ARG,2013,8.6985492280527
Argentina,ARG,2014,8.60246545270461
Argentina,ARG,2015,8.50769808913719
Argentina,ARG,2016,8.4143182771783
Argentina,ARG,2017,8.3223971566176
Argentina,ARG,2018,8.2320058672002
Argentina,ARG,2019,8.14321554861981
Argentina,ARG,2020,8.05609734051031
Argentina,ARG,2021,7.9707223824349
Argentina,ARG,2022,7.887161813874
Argentina,ARG,2023,7.8054867742093
Argentina,ARG,2024,7.7257684027048
Argentina,ARG,2025,7.64807783848271
Australia,AUS,1960,18.4060868861723
Australia,AUS,1961,18.0598831552344
Australia,AUS,1962,17.7752847336442
Australia,AUS,1963,17.5408055797109
Australia,AUS,1964,17.321942213829
Australia,AUS,1965,17.0841943685691
Australia,AUS,1966,16.7930549955173
Australia,AUS,1967,16.3611557703826
Australia,AUS,1968,15.7985626164353
Australia,AUS,1969,15.216824793041
Australia,AUS,1970,14.7274847889325
Australia,AUS,1971,14.4420703001424
Australia,AUS,1972,14.3033487853684
Australia,AUS,1973,14.1841754003917
Australia,AUS,1974,14.0910397953731
Australia,AUS,1975,14.0304168480486
Australia,AUS,1976,14.0087814371686
Australia,AUS,1977,14.0282435561197
Australia,AUS,1978,14.0785087972075
Australia,AUS,1979,14.1474426553984
Australia,AUS,1980,14.2229106268425
Australia,AUS,1981,14.292781982531
Australia,AUS,1982,14.3699424000623
Australia,AUS,1983,14.4627799805369
Australia,AUS,1984,14.5524335483778
Australia,AUS,1985,14.6200456993445
Australia,AUS,1986,14.6467590321628
Australia,AUS,1987,14.6418798690477
Australia,AUS,1988,14.6302560779117
Australia,AUS,1989,14.6163958440236
Australia,AUS,1990,14.6048073523664
Australia,AUS,1991,14.5999992537973
Australia,AUS,1992,14.6092402529067
Australia,AUS,1993,14.6339236629895
Australia,AUS,1994,14.6699272339141
Australia,AUS,1995,14.7131289496991
Australia,AUS,1996,14.7594067943628
Australia,AUS,1997,14.8046387519238
Australia,AUS,1998,14.8447028064004
Australia,AUS,1999,14.8754769418111
Australia,AUS,2000,14.8928391421743
Australia,AUS,2001,14.8518905835274
Australia,AUS,2002,14.7157897216536
Australia,AUS,2003,14.5902922181332
Australia,AUS,2004,14.481232390588
Australia,AUS,2005,14.3809128778042
Australia,AUS,2006,14.2507455736477
Australia,AUS,2007,14.1031480425031
Australia,AUS,2008,13.9746183032334
Australia,AUS,2009,13.8721860898182
Australia,AUS,2010,13.7801399487857
Australia,AUS,2011,13.6731053853577
Australia,AUS,2012,13.5548740863375
Australia,AUS,2013,13.4259484239757
Australia,AUS,2014,13.2778710656644
Australia,AUS,2015,13.1221357460639
Australia,AUS,2016,12.9833704750765
Australia,AUS,2017,12.87190733555
Australia,AUS,2018,12.7732319154075
Australia,AUS,2019,12.6980352111594
Australia,AUS,2020,12.7286529541015
Australia,AUS,2021,12.7646592367239
Australia,AUS,2022,12.6656731746187
Australia,AUS,2023,12.5133044346235
Australia,AUS,2024,12.3978530009554
Australia,AUS,2025,12.2807327333667
Brazil,BRA,1960,55.3190381881774
Brazil,BRA,1961,54.4970795432304
Brazil,BRA,1962,53.6983154479834
Brazil,BRA,1963,52.9127552883361
Brazil,BRA,1964,52.1288559472791
Brazil,BRA,1965,51.335074307803
Brazil,BRA,1966,50.5198672528984
Brazil,BRA,1967,49.6716916655557
Brazil,BRA,1968,48.7790044287657
Brazil,BRA,1969,47.8302624255188
Brazil,BRA,1970,46.8166925177371
Brazil,BRA,1971,45.6719678660153
Brazil,BRA,1972,44.3396536356654
Brazil,BRA,1973,42.8632940165272
Brazil,BRA,1974,41.2914665622116
Brazil,BRA,1975,39.6727488263295
Brazil,BRA,1976,38.0557183624916
Brazil,BRA,1977,36.4889527243088
Brazil,BRA,1978,35.0210294653919
Brazil,BRA,1979,33.7005261393516
Brazil,BRA,1980,32.5819574696898
Brazil,BRA,1981,31.6274037726071
Brazil,BRA,1982,30.7442218066953
Brazil,BRA,1983,29.9170874264709
Brazil,BRA,1984,29.1392580145613
Brazil,BRA,1985,28.4039909535937
Brazil,BRA,1986,27.7045436261954
Brazil,BRA,1987,27.0341734149936
Brazil,BRA,1988,26.3861377026156
Brazil,BRA,1989,25.7536938716888
Brazil,BRA,1990,25.1300993048402
Brazil,BRA,1991,24.5065498941115
Brazil,BRA,1992,23.9089124759415
Brazil,BRA,1993,23.3593597093043
Brazil,BRA,1994,22.8289661088885
Brazil,BRA,1995,22.2855000057546
Brazil,BRA,1996,21.6978584544602
Brazil,BRA,1997,20.9991506120741
Brazil,BRA,1998,20.210931833914
Brazil,BRA,1999,19.4533938674784
Brazil,BRA,2000,18.8515634576194
Brazil,BRA,2001,18.4039549378043
Brazil,BRA,2002,18.0056508497327
Brazil,BRA,2003,17.6459664158329
Brazil,BRA,2004,17.3183175185441
Brazil,BRA,2005,17.0161200403055
Brazil,BRA,2006,16.7327898635561
Brazil,BRA,2007,16.4617428707351
Brazil,BRA,2008,16.1963949442816
Brazil,BRA,2009,15.9301619666349
Brazil,BRA,2010,15.656153963692
Brazil,BRA,2011,15.3774241400317
Brazil,BRA,2012,15.1026125818688
Brazil,BRA,2013,14.8323414557274
Brazil,BRA,2014,14.5668632101832
Brazil,BRA,2015,14.3064302938119
Brazil,BRA,2016,14.0512951551892
Brazil,BRA,2017,13.8017102428909
Brazil,BRA,2018,13.5579280054928
Brazil,BRA,2019,13.3202008915704
Brazil,BRA,2020,13.0887813496996
Brazil,BRA,2021,12.8639218284561
Brazil,BRA,2022,12.650443756119
Brazil,BRA,2023,12.3840289764237
Brazil,BRA,2024,12.1041450466854
Brazil,BRA,2025,11.8227003512102
Canada,CAN,1960,30.958226893202
Canada,CAN,1961,30.3082415262222
Canada,CAN,1962,29.5511567583681
Canada,CAN,1963,28.7108743262021
Canada,CAN,1964,27.855928116292
Canada,CAN,1965,27.0539690378256
Canada,CAN,1966,26.3676340836096
Canada,CAN,1967,25.7135082858571
Canada,CAN,1968,25.0449684781734
Canada,CAN,1969,24.459726074574
Canada,CAN,1970,24.0514114427183
Canada,CAN,1971,23.9130764496634
Canada,CAN,1972,23.9789334235589
Canada,CAN,1973,24.1205577709991
Canada,CAN,1974,24.2845603042183
Canada,CAN,1975,24.4176961501696
Canada,CAN,1976,24.467045933521
Canada,CAN,1977,24.4546604347042
Canada,CAN,1978,24.4237996612544
Canada,CAN,1979,24.3786295251068
Canada,CAN,1980,24.3232864867192
Canada,CAN,1981,24.2605345199924
Canada,CAN,1982,24.14639446455
Canada,CAN,1983,23.9717065220193
Canada,CAN,1984,23.781952367862
Canada,CAN,1985,23.6215274890221
Canada,CAN,1986,23.534218093873
Canada,CAN,1987,23.5020571250814
Canada,CAN,1988,23.4822994543373
Canada,CAN,1989,23.4659237095055
Canada,CAN,1990,23.4435562922979
Canada,CAN,1991,23.4046158684837
Canada,CAN,1992,23.2647167571936
Canada,CAN,1993,23.0034313744088
Canada,CAN,1994,22.6828714579057
Canada,CAN,1995,22.3643517412502
Canada,CAN,1996,22.1075366070305
Canada,CAN,1997,21.9096601209129
Canada,CAN,1998,21.7306176918179
Canada,CAN,1999,21.5560690670642
Canada,CAN,2000,21.3707004491053
Canada,CAN,2001,21.1585235050264
Canada,CAN,2002,20.9009765197766
Canada,CAN,2003,20.608619325761
Canada,CAN,2004,20.3076936651685
Canada,CAN,2005,20.0239384117035
Canada,CAN,2006,19.780933900721
Canada,CAN,2007,19.5574384863218
Canada,CAN,2008,19.3371055083396
Canada,CAN,2009,19.1408161106079
Canada,CAN,2010,18.9879107747063
Canada,CAN,2011,18.8968574565787
Canada,CAN,2012,18.8486516751209
Canada,CAN,2013,18.816560042542
Canada,CAN,2014,18.788816838444
Canada,CAN,2015,18.7534329723301
Canada,CAN,2016,18.6976988906297
Canada,CAN,2017,18.5981054167774
Canada,CAN,2018,18.4499658353347
Canada,CAN,2019,18.2636327952059
Canada,CAN,2020,18.0490111289434
Canada,CAN,2021,17.8220720920725
Canada,CAN,2022,17.6499102646032
Canada,CAN,2023,17.4749435591654
Canada,CAN,2024,17.2997434233367
Canada,CAN,2025,17.1242979746114
China,CHN,1960,80.2543544769287
China,CHN,1961,80.7057495117188
China,CHN,1962,82.6750469207764
China,CHN,1963,83.1637077331543
China,CHN,1964,81.7000008662152
China,CHN,1965,82.016321182251
China,CHN,1966,82.1402721405029
China,CHN,1967,82.2595844268799
China,CHN,1968,82.3796062469482
China,CHN,1969,82.5005283355713
China,CHN,1970,82.6200103759766
China,CHN,1971,82.7394428253174
China,CHN,1972,82.8681869506836
China,CHN,1973,82.7992057800293
China,CHN,1974,82.8360424041748
China,CHN,1975,82.6552696228027
China,CHN,1976,82.5634613037109
China,CHN,1977,82.448881149292
China,CHN,1978,82.0847930908203
China,CHN,1979,81.0389366149902
China,CHN,1980,80.6088848114014
China,CHN,1981,79.8435115814209
China,CHN,1982,79.434497833252
China,CHN,1983,78.3764362335205
China,CHN,1984,76.9857311248779
China,CHN,1985,76.2930908203125
China,CHN,1986,75.4750843048096
China,CHN,1987,74.6806945800781
China,CHN,1988,74.1853275299072
China,CHN,1989,73.7897510528564
China,CHN,1990,73.8042984008789
China,CHN,1991,73.0597534179688
China,CHN,1992,72.5401306152344
China,CHN,1993,72.0099239349365
China,CHN,1994,71.4901962280273
China,CHN,1995,70.9596195220947
China,CHN,1996,69.5201358795166
China,CHN,1997,68.0900459289551
China,CHN,1998,66.6498336791992
China,CHN,1999,65.2202949523926
China,CHN,2000,63.5679765337701
China,CHN,2001,62.3402557373047
China,CHN,2002,60.9102172851562
China,CHN,2003,59.4697685241699
China,CHN,2004,58.2399864196777
China,CHN,2005,57.0100021362305
China,CHN,2006,55.6569900512695
China,CHN,2007,54.1107559204102
China,CHN,2008,53.0104942321777
China,CHN,2009,51.6582946777344
China,CHN,2010,50.7659729371959
China,CHN,2011,48.1699714660645
China,CHN,2012,46.8996887207031
China,CHN,2013,45.5099983215332
China,CHN,2014,44.2497444152832
China,CHN,2015,42.6702156066895
China,CHN,2016,41.1600761413574
China,CHN,2017,39.7597312927246
China,CHN,2018,38.4998016357422
China,CHN,2019,37.2900848388672
China,CHN,2020,36.4765769733742
China,CHN,2021,35.278923034668
China,CHN,2022,34.7823638916016
China,CHN,2023,34.4698551964477
China,CHN,2024,34.1053019001675
China,CHN,2025,33.6570089651728
European Union,EUU,1960,41.569040843937
European Union,EUU,1961,41.0014391091656
European Union,EUU,1962,40.4064174528878
European Union,EUU,1963,39.7602882941403
European Union,EUU,1964,39.0220718784158
European Union,EUU,1965,38.2747487850755
European Union,EUU,1966,37.5815160528513
European Union,EUU,1967,36.9546606143741
European Union,EUU,1968,36.3942615025326
European Union,EUU,1969,35.8569876078483
European Union,EUU,1970,35.3672338145809
European Union,EUU,1971,34.9160240901829
European Union,EUU,1972,34.488721849523
European Union,EUU,1973,34.0776426747709
European Union,EUU,1974,33.6766595265757
European Union,EUU,1975,33.3946125892035
European Union,EUU,1976,33.075607622622
European Union,EUU,1977,32.778457307446
European Union,EUU,1978,32.5307555700852
European Union,EUU,1979,32.2654188438127
European Union,EUU,1980,31.9111320796966
European Union,EUU,1981,31.6429884067631
European Union,EUU,1982,31.4089820134863
European Union,EUU,1983,31.1899858136876
European Union,EUU,1984,30.9742746224482
European Union,EUU,1985,30.8029250226466
European Union,EUU,1986,30.6114117035522
European Union,EUU,1987,30.4252262489008
European Union,EUU,1988,30.2468033973171
European Union,EUU,1989,30.0803643979211
European Union,EUU,1990,29.945915433777
European Union,EUU,1991,29.8094821915393
European Union,EUU,1992,29.6797720983007
European Union,EUU,1993,29.5515575859843
European Union,EUU,1994,29.4232029011031
European Union,EUU,1995,29.3090789920687
European Union,EUU,1996,29.1459303685171
European Union,EUU,1997,28.9327410280748
European Union,EUU,1998,28.7862957704693
European Union,EUU,1999,28.6669074954479
European Union,EUU,2000,28.4800263527161
European Union,EUU,2001,28.2430007972923
European Union,EUU,2002,28.0553838147023
European Union,EUU,2003,27.9111490281714
European Union,EUU,2004,27.769112689923
European Union,EUU,2005,27.5997648292823
European Union,EUU,2006,27.4385079300871
European Union,EUU,2007,27.3113697025417
European Union,EUU,2008,27.1786011816779
European Union,EUU,2009,27.0531530378787
European Union,EUU,2010,26.8907668804455
European Union,EUU,2011,26.7837903938779
European Union,EUU,2012,26.6473343806737
European Union,EUU,2013,26.4623223381629
European Union,EUU,2014,26.3016834819709
European Union,EUU,2015,26.1256257334152
European Union,EUU,2016,25.910922716891
European Union,EUU,2017,25.8059200889607
European Union,EUU,2018,25.6719004155681
European Union,EUU,2019,25.5403508475156
European Union,EUU,2020,25.4500197832758
European Union,EUU,2021,25.3530569099385
European Union,EUU,2022,25.2340317993194
European Union,EUU,2023,25.1056497280388
European Union,EUU,2024,24.9699900035801
European Union,EUU,2025,24.8261389416855
France,FRA,1960,38.3185950182224
France,FRA,1961,37.467395076946
France,FRA,1962,36.5401554290899
France,FRA,1963,35.4266905958636
France,FRA,1964,34.1397296019008
France,FRA,1965,32.8155727778541
France,FRA,1966,31.5771476804965
France,FRA,1967,30.5473818666006
France,FRA,1968,29.8161964588344
France,FRA,1969,29.213220247949
France,FRA,1970,28.6400220910709
France,FRA,1971,28.124867435642
France,FRA,1972,27.6852743717417
France,FRA,1973,27.3387609894492
France,FRA,1974,27.102845378844
France,FRA,1975,26.9858344530633
France,FRA,1976,26.9179984245505
France,FRA,1977,26.8660800178386
France,FRA,1978,26.8253272079205
France,FRA,1979,26.7893611384284
France,FRA,1980,26.7518029529944
France,FRA,1981,26.7062737952508
France,FRA,1982,26.6477468091956
France,FRA,1983,26.5819664509716
France,FRA,1984,26.512531503131
France,FRA,1985,26.4376428439898
France,FRA,1986,26.3559808313184
France,FRA,1987,26.2662258228873
France,FRA,1988,26.1670581764668
France,FRA,1989,26.0571582498272
France,FRA,1990,25.9324033567975
France,FRA,1991,25.7802137075834
France,FRA,1992,25.5948877039556
France,FRA,1993,25.3831217663224
France,FRA,1994,25.1500716467652
France,FRA,1995,24.9008930973653
France,FRA,1996,24.6407418702041
France,FRA,1997,24.3747737173631
France,FRA,1998,24.1081443909236
France,FRA,1999,23.8317296386032
France,FRA,2000,23.4856016853907
France,FRA,2001,23.0925586392189
France,FRA,2002,22.7456133392475
France,FRA,2003,22.5308783964862
France,FRA,2004,22.5099499988039
France,FRA,2005,22.5636684894562
France,FRA,2006,22.6532759931352
France,FRA,2007,22.7542023393843
France,FRA,2008,22.8438098430633
France,FRA,2009,22.8994608190324
France,FRA,2010,22.9037155191197
France,FRA,2011,22.8817282612491
France,FRA,2012,22.8330535080084
France,FRA,2013,22.7559278529082
France,FRA,2014,22.6475703211387
France,FRA,2015,22.2389080849934
France,FRA,2016,21.4000885294221
France,FRA,2017,21.3532195973632
France,FRA,2018,21.3285567463401
France,FRA,2019,21.3109215450644
France,FRA,2020,21.2880868234751
France,FRA,2021,21.2635396607662
France,FRA,2022,21.2408078876644
France,FRA,2023,21.2195676873453
France,FRA,2024,21.2000249035884
France,FRA,2025,21.1550349436416
Germany,DEU,1960,24.3007590134203
Germany,DEU,1961,23.8282518367321
Germany,DEU,1962,23.3241348147844
Germany,DEU,1963,22.7902368873547
Germany,DEU,1964,22.2550130890898
Germany,DEU,1965,21.7424615929216
Germany,DEU,1966,21.2765805717823
Germany,DEU,1967,20.8813681986037
Germany,DEU,1968,20.5808226463178
Germany,DEU,1969,20.3989420878567
Germany,DEU,1970,20.3372148129616
Germany,DEU,1971,20.3031294994012
Germany,DEU,1972,20.2689021856543
Germany,DEU,1973,20.2374540671917
Germany,DEU,1974,20.2086392472492
Germany,DEU,1975,20.1823118290623
Germany,DEU,1976,20.1583259158669
Germany,DEU,1977,20.1365356108986
Germany,DEU,1978,20.1167950173931
Germany,DEU,1979,20.0989582385862
Germany,DEU,1980,20.0828793777135
Germany,DEU,1981,20.0684125380108
Germany,DEU,1982,20.0554118227137
Germany,DEU,1983,20.043731335058
Germany,DEU,1984,20.0332251782794
Germany,DEU,1985,20.0237474556135
Germany,DEU,1986,20.0151522702961
Germany,DEU,1987,20.0072937255628
Germany,DEU,1988,20.0000259246495
Germany,DEU,1989,19.9932029707917
Germany,DEU,1990,19.9866789672253
Germany,DEU,1991,19.9803080171858
Germany,DEU,1992,19.973944223909
Germany,DEU,1993,19.9674416906306
Germany,DEU,1994,19.9606545205863
Germany,DEU,1995,19.9534368170118
Germany,DEU,1996,19.9456426831429
Germany,DEU,1997,19.9371262222152
Germany,DEU,1998,19.9277415374643
Germany,DEU,1999,19.9173427321262
Germany,DEU,2000,19.9057839094363
Germany,DEU,2001,19.8929191726305
Germany,DEU,2002,19.8786026249444
Germany,DEU,2003,19.8626883696138
Germany,DEU,2004,19.8450305098743
Germany,DEU,2005,19.8254831489617
Germany,DEU,2006,19.8039003901116
Germany,DEU,2007,19.7801363365598
Germany,DEU,2008,19.7540450915419
Germany,DEU,2009,19.7254807582938
Germany,DEU,2010,19.694297440051
Germany,DEU,2011,19.6594237071802
Germany,DEU,2012,19.606552479782
Germany,DEU,2013,19.5267681599638
Germany,DEU,2014,19.42425976257
Germany,DEU,2015,19.3025628367186
Germany,DEU,2016,19.1652129315275
Germany,DEU,2017,19.0157455961147
Germany,DEU,2018,18.8576963795982
Germany,DEU,2019,18.6946008310961
Germany,DEU,2020,18.5299944997262
Germany,DEU,2021,18.3674129346066
Germany,DEU,2022,18.2132147219005
Germany,DEU,2023,18.0965633307871
Germany,DEU,2024,17.9788567420875
Germany,DEU,2025,17.86177794638
India,IND,1960,82.0749926024688
India,IND,1961,81.9759910467392
India,IND,1962,81.8564289587875
India,IND,1963,81.716143975473
India,IND,1964,81.5569594871171
India,IND,1965,81.3802807283066
India,IND,1966,81.1875129336284
India,IND,1967,80.980061337669
India,IND,1968,80.7593311750154
India,IND,1969,80.5267276802543
India,IND,1970,80.2836560879724
India,IND,1971,80.026570934612
India,IND,1972,79.7234625854433
India,IND,1973,79.3604471385844
India,IND,1974,78.9555387957394
India,IND,1975,78.5238299621826
India,IND,1976,78.0804130431882
India,IND,1977,77.6403804440306
India,IND,1978,77.2188245699841
India,IND,1979,76.830837826323
India,IND,1980,76.4915126183217
India,IND,1981,76.2124651544298
India,IND,1982,75.9693318783248
India,IND,1983,75.7460480140874
India,IND,1984,75.5393366544406
India,IND,1985,75.345171141751
India,IND,1986,75.1595248183853
India,IND,1987,74.9783710267104
India,IND,1988,74.7976831090928
India,IND,1989,74.6134344078992
India,IND,1990,74.4215982654965
India,IND,1991,74.2202389094181
India,IND,1992,74.0191423297343
India,IND,1993,73.8232185318808
India,IND,1994,73.6289811361128
India,IND,1995,73.4338227860632
India,IND,1996,73.2351361253651
India,IND,1997,73.0303137976514
India,IND,1998,72.8167484465553
India,IND,1999,72.5918327157097
India,IND,2000,72.3529592487477
India,IND,2001,72.0971347903364
India,IND,2002,71.8243121089544
India,IND,2003,71.5339712302
India,IND,2004,71.2273932771472
India,IND,2005,70.9054502840893
India,IND,2006,70.5690142853196
India,IND,2007,70.2189573151316
India,IND,2008,69.8561514078185
India,IND,2009,69.4814685976737
India,IND,2010,69.0957809189906
India,IND,2011,68.7253497146691
India,IND,2012,68.4101064395601
India,IND,2013,68.0903210764763
India,IND,2014,67.7711766591179
India,IND,2015,67.4527009977701
India,IND,2016,67.1349219027177
India,IND,2017,66.8178671842461
India,IND,2018,66.5015646526402
India,IND,2019,66.1860421181853
India,IND,2020,65.8713273911667
India,IND,2021,65.5574482818696
India,IND,2022,65.2444326005794
India,IND,2023,64.9323081575814
India,IND,2024,64.6211027631611
India,IND,2025,64.310844227604
Indonesia,IDN,1960,85.3923456641729
Indonesia,IDN,1961,85.1684968331284
Indonesia,IDN,1962,84.9443858256462
Indonesia,IDN,1963,84.7336781938321
Indonesia,IDN,1964,84.5331962330033
Indonesia,IDN,1965,84.336776049065
Indonesia,IDN,1966,84.1382537479224
Indonesia,IDN,1967,83.9314654354806
Indonesia,IDN,1968,83.7102472176448
Indonesia,IDN,1969,83.4684352003199
Indonesia,IDN,1970,83.1998654894112
Indonesia,IDN,1971,82.8988504390207
Indonesia,IDN,1972,82.546833213924
Indonesia,IDN,1973,82.1218352493011
Indonesia,IDN,1974,81.6316733942892
Indonesia,IDN,1975,81.085803498601
Indonesia,IDN,1976,80.4936814119492
Indonesia,IDN,1977,79.8647629840464
Indonesia,IDN,1978,79.2085040646054
Indonesia,IDN,1979,78.5343605033389
Indonesia,IDN,1980,77.8533857003309
Indonesia,IDN,1981,77.1593362309492
Indonesia,IDN,1982,76.4275803172688
Indonesia,IDN,1983,75.6566807727618
Indonesia,IDN,1984,74.849476573234
Indonesia,IDN,1985,74.0088066944913
Indonesia,IDN,1986,73.1375101123395
Indonesia,IDN,1987,72.2384258025845
Indonesia,IDN,1988,71.3143927410323
Indonesia,IDN,1989,70.3682499034886
Indonesia,IDN,1990,69.4054821911275
Indonesia,IDN,1991,68.4008047748247
Indonesia,IDN,1992,67.3085007644951
Indonesia,IDN,1993,66.1444577771693
Indonesia,IDN,1994,64.9327994661188
Indonesia,IDN,1995,63.6976494846153
Indonesia,IDN,1996,62.4631314859301
Indonesia,IDN,1997,61.253369123335
Indonesia,IDN,1998,60.0924860501013
Indonesia,IDN,1999,59.0046059195008
Indonesia,IDN,2000,58.0138459399344
Indonesia,IDN,2001,57.0981104813843
Indonesia,IDN,2002,56.2175930969624
Indonesia,IDN,2003,55.3698238478128
Indonesia,IDN,2004,54.5523263558112
Indonesia,IDN,2005,53.7626242428331
Indonesia,IDN,2006,52.9982411307543
Indonesia,IDN,2007,52.2567006414504
Indonesia,IDN,2008,51.5355263967971
Indonesia,IDN,2009,50.83224201867
Indonesia,IDN,2010,50.1478624851112
Indonesia,IDN,2011,49.5169982910156
Indonesia,IDN,2012,48.8406066894531
Indonesia,IDN,2013,48.1692504882812
Indonesia,IDN,2014,47.4997863769531
Indonesia,IDN,2015,46.8279228210449
Indonesia,IDN,2016,46.187442779541
Indonesia,IDN,2017,45.5458984375
Indonesia,IDN,2018,44.9043159484863
Indonesia,IDN,2019,44.2617950439453
Indonesia,IDN,2020,43.7214712351232
Indonesia,IDN,2021,43.1238297535973
Indonesia,IDN,2022,42.5065295773401
Indonesia,IDN,2023,41.8820646602122
Indonesia,IDN,2024,41.2490364612003
Indonesia,IDN,2025,40.6070936030016
Italy,ITA,1960,40.7106225561504
Italy,ITA,1961,40.1891063401881
Italy,ITA,1962,39.6788301954721
Italy,ITA,1963,39.1437569185363
Italy,ITA,1964,38.5893107816809
Italy,ITA,1965,38.0277366089019
Italy,ITA,1966,37.4712792241952
Italy,ITA,1967,36.9321834515567
Italy,ITA,1968,36.4226941149825
Italy,ITA,1969,35.9550560384684
Italy,ITA,1970,35.5415140460105
Italy,ITA,1971,35.1988764598258
Italy,ITA,1972,34.9047479867556
Italy,ITA,1973,34.6181401795092
Italy,ITA,1974,34.3369808144844
Italy,ITA,1975,34.06819569126
Italy,ITA,1976,33.8187106094148
Italy,ITA,1977,33.5954513685273
Italy,ITA,1978,33.4053437681765
Italy,ITA,1979,33.2553136079408
Italy,ITA,1980,33.1522866873992
Italy,ITA,1981,33.1042932738462
Italy,ITA,1982,33.1026546562437
Italy,ITA,1983,33.1150760691172
Italy,ITA,1984,33.1354818323884
Italy,ITA,1985,33.161462020172
Italy,ITA,1986,33.1906067065824
Italy,ITA,1987,33.220505965734
Italy,ITA,1988,33.2487498717413
Italy,ITA,1989,33.2729284987188
Italy,ITA,1990,33.290631920781
Italy,ITA,1991,33.2992711522614
Italy,ITA,1992,33.2953060974203
Italy,ITA,1993,33.2731646986051
Italy,ITA,1994,33.2350508696335
Italy,ITA,1995,33.1833900526281
Italy,ITA,1996,33.1206076897111
Italy,ITA,1997,33.049129223005
Italy,ITA,1998,32.9713800946321
Italy,ITA,1999,32.8897857467149
Italy,ITA,2000,32.8067716213757
Italy,ITA,2001,32.72480117712
Italy,ITA,2002,32.6461213433462
Italy,ITA,2003,32.5700585388213
Italy,ITA,2004,32.4927500260092
Italy,ITA,2005,32.4102830681581
Italy,ITA,2006,32.3187449285166
Italy,ITA,2007,32.2142228703331
Italy,ITA,2008,32.0928041568559
Italy,ITA,2009,31.9505760513335
Italy,ITA,2010,31.7836258170143
Italy,ITA,2011,31.5984926110489
Italy,ITA,2012,31.2391205764741
Italy,ITA,2013,30.6926010083924
Italy,ITA,2014,30.4192361385121
Italy,ITA,2015,30.3899993896484
Italy,ITA,2016,30.4030767474714
Italy,ITA,2017,30.4819215740618
Italy,ITA,2018,30.5199966430664
Italy,ITA,2019,30.4949989318847
Italy,ITA,2020,30.4812507629394
Italy,ITA,2021,30.5187492370606
Italy,ITA,2022,30.5160220233461
Italy,ITA,2023,30.4618459876699
Italy,ITA,2024,30.3952464856929
Italy,ITA,2025,30.319138198322
Japan,JPN,1960,36.7418727558363
Japan,JPN,1961,35.7275698431017
Japan,JPN,1962,34.7661939462607
Japan,JPN,1963,33.8552888810756
Japan,JPN,1964,32.9794266429327
Japan,JPN,1965,32.1221695137309
Japan,JPN,1966,31.2824061946654
Japan,JPN,1967,30.4723221115344
Japan,JPN,1968,29.6839678688347
Japan,JPN,1969,28.9071282124251
Japan,JPN,1970,28.1378485111116
Japan,JPN,1971,27.2911717420734
Japan,JPN,1972,26.321089298519
Japan,JPN,1973,25.3686315709747
Japan,JPN,1974,24.5893821972584
Japan,JPN,1975,24.1488932735465
Japan,JPN,1976,24.0281503509416
Japan,JPN,1977,23.9666601202898
Japan,JPN,1978,23.9235383488619
Japan,JPN,1979,23.8828432308424
Japan,JPN,1980,23.827603739658
Japan,JPN,1981,23.7496776054772
Japan,JPN,1982,23.6525055670966
Japan,JPN,1983,23.5427255372458
Japan,JPN,1984,23.4256271803653
Japan,JPN,1985,23.3069355284207
Japan,JPN,1986,23.18658618092
Japan,JPN,1987,23.0597047509675
Japan,JPN,1988,22.927888728586
Japan,JPN,1989,22.7936112458226
Japan,JPN,1990,22.6595821989688
Japan,JPN,1991,22.5255183067277
Japan,JPN,1992,22.3891970324904
Japan,JPN,1993,22.2519716816566
Japan,JPN,1994,22.1156631822323
Japan,JPN,1995,21.9809161984347
Japan,JPN,1996,21.8625952732747
Japan,JPN,1997,21.7681097708371
Japan,JPN,1998,21.6733603810659
Japan,JPN,1999,21.551658100598
Japan,JPN,2000,21.3873196704625
Japan,JPN,2001,20.8422517939113
Japan,JPN,2002,19.4530139266019
Japan,JPN,2003,17.5793221583329
Japan,JPN,2004,15.6289458101095
Japan,JPN,2005,14.0426379516286
Japan,JPN,2006,12.8539101041925
Japan,JPN,2007,11.7298595507344
Japan,JPN,2008,10.7078436191149
Japan,JPN,2009,9.88688412818109
Japan,JPN,2010,9.37714131593511
Japan,JPN,2011,9.1368345565749
Japan,JPN,2012,8.9734722673348
Japan,JPN,2013,8.8483404345683
Japan,JPN,2014,8.7451054867667
Japan,JPN,2015,8.6467355896375
Japan,JPN,2016,8.54587451478579
Japan,JPN,2017,8.4501580314117
Japan,JPN,2018,8.36226813902719
Japan,JPN,2019,8.2835792101893
Japan,JPN,2020,8.2190073732111
Japan,JPN,2021,8.1258950720473
Japan,JPN,2022,8.0223467571594
Japan,JPN,2023,7.9173096108527
Japan,JPN,2024,7.8098281965469
Japan,JPN,2025,7.6998550579214
"Korea, Rep.",KOR,1960,72.3141760377023
"Korea, Rep.",KOR,1961,71.5512834892743
"Korea, Rep.",KOR,1962,70.7664926979554
"Korea, Rep.",KOR,1963,69.9421323175614
"Korea, Rep.",KOR,1964,69.0436397607313
"Korea, Rep.",KOR,1965,68.0364524401039
"Korea, Rep.",KOR,1966,66.8965448343433
"Korea, Rep.",KOR,1967,65.4411697030924
"Korea, Rep.",KOR,1968,63.4667423354378
"Korea, Rep.",KOR,1969,61.2900111887163
"Korea, Rep.",KOR,1970,59.2914729004498
"Korea, Rep.",KOR,1971,57.6522667042151
"Korea, Rep.",KOR,1972,56.2106627876004
"Korea, Rep.",KOR,1973,54.8526264240798
"Korea, Rep.",KOR,1974,53.4905974550523
"Korea, Rep.",KOR,1975,52.0326030565697
"Korea, Rep.",KOR,1976,50.4263443873836
"Korea, Rep.",KOR,1977,48.6972965573807
"Korea, Rep.",KOR,1978,46.9044200169019
"Korea, Rep.",KOR,1979,45.1012221811516
"Korea, Rep.",KOR,1980,43.3445574484295
"Korea, Rep.",KOR,1981,41.6660058588698
"Korea, Rep.",KOR,1982,40.049433134757
"Korea, Rep.",KOR,1983,38.4557313783519
"Korea, Rep.",KOR,1984,36.850561527522
"Korea, Rep.",KOR,1985,35.2047191408013
"Korea, Rep.",KOR,1986,33.4228901942124
"Korea, Rep.",KOR,1987,31.4371533217447
"Korea, Rep.",KOR,1988,29.4122160139345
"Korea, Rep.",KOR,1989,27.5339630350455
"Korea, Rep.",KOR,1990,26.0148838831432
"Korea, Rep.",KOR,1991,24.8393981016812
"Korea, Rep.",KOR,1992,23.8039305814481
"Korea, Rep.",KOR,1993,22.8917142718205
"Korea, Rep.",KOR,1994,22.1414350771853
"Korea, Rep.",KOR,1995,21.599562812088
"Korea, Rep.",KOR,1996,21.2491852080558
"Korea, Rep.",KOR,1997,21.0081974905197
"Korea, Rep.",KOR,1998,20.8187630349505
"Korea, Rep.",KOR,1999,20.6376605091482
"Korea, Rep.",KOR,2000,20.420039254358
"Korea, Rep.",KOR,2001,20.1212295642575
"Korea, Rep.",KOR,2002,19.7233705455665
"Korea, Rep.",KOR,2003,19.292206491956
"Korea, Rep.",KOR,2004,18.895613221829
"Korea, Rep.",KOR,2005,18.6098647716331
"Korea, Rep.",KOR,2006,18.433537889488
"Korea, Rep.",KOR,2007,18.287874198073
"Korea, Rep.",KOR,2008,18.1649166861482
"Korea, Rep.",KOR,2009,18.0754954915998
"Korea, Rep.",KOR,2010,18.0314924013514
"Korea, Rep.",KOR,2011,18.0384591913624
"Korea, Rep.",KOR,2012,18.0912101799622
"Korea, Rep.",KOR,2013,18.1730616497297
"Korea, Rep.",KOR,2014,18.2684317183046
"Korea, Rep.",KOR,2015,18.360510139322
"Korea, Rep.",KOR,2016,18.4440758202943
"Korea, Rep.",KOR,2017,18.528969570016
"Korea, Rep.",KOR,2018,18.6176476964804
"Korea, Rep.",KOR,2019,18.7098936464381
"Korea, Rep.",KOR,2020,18.8240404377087
"Korea, Rep.",KOR,2021,18.8383473492215
"Korea, Rep.",KOR,2022,18.8375058373127
"Korea, Rep.",KOR,2023,18.8354448279579
"Korea, Rep.",KOR,2024,18.8317471530314
"Korea, Rep.",KOR,2025,18.8259736693326
Mexico,MEX,1960,49.2527288494836
Mexico,MEX,1961,48.4248107874086
Mexico,MEX,1962,47.5860221344754
Mexico,MEX,1963,46.7405427398884
Mexico,MEX,1964,45.8923861754855
Mexico,MEX,1965,45.0455660131049
Mexico,MEX,1966,44.2040958245846
Mexico,MEX,1967,43.3719891817629
Mexico,MEX,1968,42.5532596564778
Mexico,MEX,1969,41.7519208205674
Mexico,MEX,1970,40.9681815070379
Mexico,MEX,1971,40.1874610258169
Mexico,MEX,1972,39.4057736021743
Mexico,MEX,1973,38.6286562343472
Mexico,MEX,1974,37.8605073124875
Mexico,MEX,1975,37.1057252267468
Mexico,MEX,1976,36.368708367277
Mexico,MEX,1977,35.6538551242296
Mexico,MEX,1978,34.9655638877566
Mexico,MEX,1979,34.3082330480096
Mexico,MEX,1980,33.6858996839557
Mexico,MEX,1981,33.0892654739857
Mexico,MEX,1982,32.5082424816998
Mexico,MEX,1983,31.9440281633585
Mexico,MEX,1984,31.3975215511568
Mexico,MEX,1985,30.8696216772901
Mexico,MEX,1986,30.3612275739534
Mexico,MEX,1987,29.8732382733419
Mexico,MEX,1988,29.4065528076507
Mexico,MEX,1989,28.9620702090751
Mexico,MEX,1990,28.5409922800085
Mexico,MEX,1991,28.140603579545
Mexico,MEX,1992,27.7593918660987
Mexico,MEX,1993,27.3944935513519
Mexico,MEX,1994,27.0434415087375
Mexico,MEX,1995,26.7037686116881
Mexico,MEX,1996,26.3730077336366
Mexico,MEX,1997,26.0486917480156
Mexico,MEX,1998,25.7283535282579
Mexico,MEX,1999,25.4095259477963
Mexico,MEX,2000,25.0796886029744
Mexico,MEX,2001,24.7092442432013
Mexico,MEX,2002,24.3159247171006
Mexico,MEX,2003,23.953829659449
Mexico,MEX,2004,23.6725602580981
Mexico,MEX,2005,23.5251375619731
Mexico,MEX,2006,23.5017544316343
Mexico,MEX,2007,23.4952673765239
Mexico,MEX,2008,23.4909571728967
Mexico,MEX,2009,23.4856069959705
Mexico,MEX,2010,23.4755558585287
Mexico,MEX,2011,23.4332197720463
Mexico,MEX,2012,23.3414800859266
Mexico,MEX,2013,23.2044231922048
Mexico,MEX,2014,23.0258632908234
Mexico,MEX,2015,22.8096145817247
Mexico,MEX,2016,22.5594912648514
Mexico,MEX,2017,22.2793075401459
Mexico,MEX,2018,21.9728776075506
Mexico,MEX,2019,21.644015667008
Mexico,MEX,2020,21.322039397176
Mexico,MEX,2021,21.0675992581943
Mexico,MEX,2022,20.800316784209
Mexico,MEX,2023,20.5265064251954
Mexico,MEX,2024,20.2461194023882
Mexico,MEX,2025,19.9591069370277
Russian Federation,RUS,1960,45.8583717346191
Russian Federation,RUS,1961,44.8640518188477
Russian Federation,RUS,1962,44.0744400024414
Russian Federation,RUS,1963,43.2195434570312
Russian Federation,RUS,1964,42.4021110534668
Russian Federation,RUS,1965,41.658992767334
Russian Federation,RUS,1966,40.7961235046387
Russian Federation,RUS,1967,39.9546318054199
Russian Federation,RUS,1968,39.1291198730469
Russian Federation,RUS,1969,38.2379341125488
Russian Federation,RUS,1970,37.4192897836238
Russian Federation,RUS,1971,36.7565460205078
Russian Federation,RUS,1972,35.8389892578125
Russian Federation,RUS,1973,34.8880462646484
Russian Federation,RUS,1974,33.9462814331055
Russian Federation,RUS,1975,33.0627593994141
Russian Federation,RUS,1976,32.3386611938477
Russian Federation,RUS,1977,31.7650527954102
Russian Federation,RUS,1978,31.2290878295898
Russian Federation,RUS,1979,30.6592544552042
Russian Federation,RUS,1980,30.1488723754883
Russian Federation,RUS,1981,29.6674423217773
Russian Federation,RUS,1982,29.1481857299805
Russian Federation,RUS,1983,28.708610534668
Russian Federation,RUS,1984,28.3620910644531
Russian Federation,RUS,1985,27.9681777954102
Russian Federation,RUS,1986,27.5338668823242
Russian Federation,RUS,1987,27.1246719360352
Russian Federation,RUS,1988,26.7668228149414
Russian Federation,RUS,1989,26.4444347810468
Russian Federation,RUS,1990,26.2883911132812
Russian Federation,RUS,1991,26.2904891967773
Russian Federation,RUS,1992,26.6177062988281
Russian Federation,RUS,1993,26.9409027099609
Russian Federation,RUS,1994,27.0458908081055
Russian Federation,RUS,1995,27.0647201538086
Russian Federation,RUS,1996,26.9376907348633
Russian Federation,RUS,1997,26.8843383789062
Russian Federation,RUS,1998,26.8087921142578
Russian Federation,RUS,1999,27.03466796875
Russian Federation,RUS,2000,26.8431777954102
Russian Federation,RUS,2001,26.77001953125
Russian Federation,RUS,2002,26.7070991969385
Russian Federation,RUS,2003,26.5942611694336
Russian Federation,RUS,2004,26.6934204101562
Russian Federation,RUS,2005,26.8386077880859
Russian Federation,RUS,2006,26.7560806274414
Russian Federation,RUS,2007,26.6143951416016
Russian Federation,RUS,2008,26.5177536010742
Russian Federation,RUS,2009,26.4711303710938
Russian Federation,RUS,2010,26.3303692112376
Russian Federation,RUS,2011,26.1465148925781
Russian Federation,RUS,2012,26.02734375
Russian Federation,RUS,2013,25.9237050229772
Russian Federation,RUS,2014,25.8223523251209
Russian Federation,RUS,2015,25.724080934473
Russian Federation,RUS,2016,25.6296861290757
Russian Federation,RUS,2017,25.539963186971
Russian Federation,RUS,2018,25.4557073862008
Russian Federation,RUS,2019,25.3777140048074
Russian Federation,RUS,2020,25.3067783208326
Russian Federation,RUS,2021,25.2483159779748
Russian Federation,RUS,2022,25.1455106374983
Russian Federation,RUS,2023,25.0194952126721
Russian Federation,RUS,2024,24.8880863822933
Russian Federation,RUS,2025,24.7493363391785
Saudi Arabia,SAU,1960,68.5561198801255
Saudi Arabia,SAU,1961,67.2456818183936
Saudi Arabia,SAU,1962,65.9000015258789
Saudi Arabia,SAU,1963,64.4357344541031
Saudi Arabia,SAU,1964,62.7876974306861
Saudi Arabia,SAU,1965,60.9877787790549
Saudi Arabia,SAU,1966,59.0678668226362
Saudi Arabia,SAU,1967,57.0598498848569
Saudi Arabia,SAU,1968,54.9956162891437
Saudi Arabia,SAU,1969,52.9070543589235
Saudi Arabia,SAU,1970,50.8260524176231
Saudi Arabia,SAU,1971,48.7844987886694
Saudi Arabia,SAU,1972,46.814281795489
Saudi Arabia,SAU,1973,44.947289761509
Saudi Arabia,SAU,1974,43.2222453412614
Saudi Arabia,SAU,1975,41.5849888309879
Saudi Arabia,SAU,1976,39.9465817139977
Saudi Arabia,SAU,1977,38.3110026248467
Saudi Arabia,SAU,1978,36.692687602316
Saudi Arabia,SAU,1979,35.1060726851866
Saudi Arabia,SAU,1980,33.5655939122394
Saudi Arabia,SAU,1981,32.0856873222556
Saudi Arabia,SAU,1982,30.680788954016
Saudi Arabia,SAU,1983,29.3653348463018
Saudi Arabia,SAU,1984,28.1537610378939
Saudi Arabia,SAU,1985,27.0605035675733
Saudi Arabia,SAU,1986,26.0999984741211
Saudi Arabia,SAU,1987,25.2292690696223
Saudi Arabia,SAU,1988,24.4083091586438
Saudi Arabia,SAU,1989,23.6560105186888
Saudi Arabia,SAU,1990,22.9912649272609
Saudi Arabia,SAU,1991,22.4329641618635
Saudi Arabia,SAU,1992,22
Saudi Arabia,SAU,1993,21.6568347683917
Saudi Arabia,SAU,1994,21.35183776729
Saudi Arabia,SAU,1995,21.0797612344939
Saudi Arabia,SAU,1996,20.835357407802
Saudi Arabia,SAU,1997,20.6133785250134
Saudi Arabia,SAU,1998,20.4085768239267
Saudi Arabia,SAU,1999,20.2157045423409
Saudi Arabia,SAU,2000,20.0295139180547
Saudi Arabia,SAU,2001,19.844757188867
Saudi Arabia,SAU,2002,19.6561865925766
Saudi Arabia,SAU,2003,19.4585543669823
Saudi Arabia,SAU,2004,19.2457683461834
Saudi Arabia,SAU,2005,19.0224496907001
Saudi Arabia,SAU,2006,18.7991411916928
Saudi Arabia,SAU,2007,18.5769984450937
Saudi Arabia,SAU,2008,18.3558568957006
Saudi Arabia,SAU,2009,18.1355519883111
Saudi Arabia,SAU,2010,17.9208331455535
Saudi Arabia,SAU,2011,17.7456123840053
Saudi Arabia,SAU,2012,17.5688081974642
Saudi Arabia,SAU,2013,17.3928115380898
Saudi Arabia,SAU,2014,17.2177428705129
Saudi Arabia,SAU,2015,17.0437226593837
Saudi Arabia,SAU,2016,16.870871369374
Saudi Arabia,SAU,2017,16.699309465178
Saudi Arabia,SAU,2018,16.5291574115151
Saudi Arabia,SAU,2019,16.3605356731322
Saudi Arabia,SAU,2020,16.1935647148058
Saudi Arabia,SAU,2021,16.0283650013462
Saudi Arabia,SAU,2022,15.8650569976007
Saudi Arabia,SAU,2023,15.7037611684585
Saudi Arabia,SAU,2024,15.5445979788557
Saudi Arabia,SAU,2025,15.3876878937815
South Africa,ZAF,1960,53.30728799238
South Africa,ZAF,1961,53.1374345994147
South Africa,ZAF,1962,52.9900512164884
South Africa,ZAF,1963,52.8597561259712
South Africa,ZAF,1964,52.7441196863922
South Africa,ZAF,1965,52.6407122562801
South Africa,ZAF,1966,52.5471041941641
South Africa,ZAF,1967,52.460865858573
South Africa,ZAF,1968,52.3795676080358
South Africa,ZAF,1969,52.3007798010814
South Africa,ZAF,1970,52.2226577274966
South Africa,ZAF,1971,52.1507485254255
South Africa,ZAF,1972,52.0888931588341
South Africa,ZAF,1973,52.0338319401326
South Africa,ZAF,1974,51.9827239041302
South Africa,ZAF,1975,51.9327280856364
South Africa,ZAF,1976,51.8810035194605
South Africa,ZAF,1977,51.8247092404116
South Africa,ZAF,1978,51.7610042832993
South Africa,ZAF,1979,51.6870476829326
South Africa,ZAF,1980,51.5999984741211
South Africa,ZAF,1981,51.4950436193436
South Africa,ZAF,1982,51.3665849420232
South Africa,ZAF,1983,51.2106037683856
South Africa,ZAF,1984,51.0230814246562
South Africa,ZAF,1985,50.7999992370605
South Africa,ZAF,1986,50.4404890853941
South Africa,ZAF,1987,49.9013911802677
South Africa,ZAF,1988,49.2652493441291
South Africa,ZAF,1989,48.6146073994264
South Africa,ZAF,1990,48.0320091686078
South Africa,ZAF,1991,47.5999984741211
South Africa,ZAF,1992,47.3194905073598
South Africa,ZAF,1993,47.106494957252
South Africa,ZAF,1994,46.9161973925479
South Africa,ZAF,1995,46.7037833819974
South Africa,ZAF,1996,46.4250808483261
South Africa,ZAF,1997,45.9959836968007
South Africa,ZAF,1998,45.3437561723573
South Africa,ZAF,1999,44.5591478205327
South Africa,ZAF,2000,43.7410045116372
South Africa,ZAF,2001,42.9985660621731
South Africa,ZAF,2002,42.3276412471518
South Africa,ZAF,2003,41.6275658767934
South Africa,ZAF,2004,40.9022609049898
South Africa,ZAF,2005,40.1758241621003
South Africa,ZAF,2006,39.4723534784843
South Africa,ZAF,2007,38.8159466845012
South Africa,ZAF,2008,38.2307016105104
South Africa,ZAF,2009,37.7407160868713
South Africa,ZAF,2010,37.3700879439431
South Africa,ZAF,2011,37.149372245548
South Africa,ZAF,2012,37.0383439696737
South Africa,ZAF,2013,36.9475975902966
South Africa,ZAF,2014,36.8647672934258
South Africa,ZAF,2015,36.7903650062769
South Africa,ZAF,2016,36.7249026560653
South Africa,ZAF,2017,36.6688921700064
South Africa,ZAF,2018,36.6228454753159
South Africa,ZAF,2019,36.5872744992092
South Africa,ZAF,2020,36.5626911689018
South Africa,ZAF,2021,36.5496074116091
South Africa,ZAF,2022,36.5233300789673
South Africa,ZAF,2023,36.4176294836455
South Africa,ZAF,2024,36.3082015141828
South Africa,ZAF,2025,36.1845988997478
Turkiye,TUR,1960,76.5654420661173
Turkiye,TUR,1961,76.2485437302902
Turkiye,TUR,1962,75.9166869375923
Turkiye,TUR,1963,75.5446921889922
Turkiye,TUR,1964,75.107379985458
Turkiye,TUR,1965,74.5806589988243
Turkiye,TUR,1966,73.9022959008918
Turkiye,TUR,1967,72.9995815205901
Turkiye,TUR,1968,71.9484774879467
Turkiye,TUR,1969,70.8350879330804
Turkiye,TUR,1970,69.7531919744214
Turkiye,TUR,1971,68.720680380642
Turkiye,TUR,1972,67.6774680464608
Turkiye,TUR,1973,66.6280017748014
Turkiye,TUR,1974,65.5929490608982
Turkiye,TUR,1975,64.5931748794817
Turkiye,TUR,1976,63.652676576711
Turkiye,TUR,1977,62.7755110274321
Turkiye,TUR,1978,61.9217343686772
Turkiye,TUR,1979,61.0496780573885
Turkiye,TUR,1980,60.1158779935964
Turkiye,TUR,1981,59.0855449188211
Turkiye,TUR,1982,57.9570012641782
Turkiye,TUR,1983,56.7736121471033
Turkiye,TUR,1984,55.5778449392955
Turkiye,TUR,1985,54.417165518295
Turkiye,TUR,1986,53.2898357647689
Turkiye,TUR,1987,52.1597279611893
Turkiye,TUR,1988,51.0439930476403
Turkiye,TUR,1989,49.9702416717781
Turkiye,TUR,1990,48.9686039652082
Turkiye,TUR,1991,48.0509134473104
Turkiye,TUR,1992,47.2070214551537
Turkiye,TUR,1993,46.4172162079839
Turkiye,TUR,1994,45.6652212235613
Turkiye,TUR,1995,44.9347600196461
Turkiye,TUR,1996,44.2095561139987
Turkiye,TUR,1997,43.4733330243793
Turkiye,TUR,1998,42.7098142685482
Turkiye,TUR,1999,41.9027233642657
Turkiye,TUR,2000,41.0293879993597
Turkiye,TUR,2001,40.1277538582684
Turkiye,TUR,2002,39.2614657270577
Turkiye,TUR,2003,38.4154939346742
Turkiye,TUR,2004,37.5611518826738
Turkiye,TUR,2005,36.6697529726126
Turkiye,TUR,2006,35.7126106060464
Turkiye,TUR,2007,34.6610381845313
Turkiye,TUR,2008,33.486349109623
Turkiye,TUR,2009,32.1598567828777
Turkiye,TUR,2010,30.6528746058513
Turkiye,TUR,2011,28.9971276471666
Turkiye,TUR,2012,26.2211319765676
Turkiye,TUR,2013,21.4781631615304
Turkiye,TUR,2014,16.3975149255567
Turkiye,TUR,2015,12.7832892027463
Turkiye,TUR,2016,11.8979041418224
Turkiye,TUR,2017,11.9679527282714
Turkiye,TUR,2018,11.8344250423827
Turkiye,TUR,2019,11.3381847142876
Turkiye,TUR,2020,11.0696885034778
Turkiye,TUR,2021,10.8237951846761
Turkiye,TUR,2022,10.9618835449219
Turkiye,TUR,2023,10.9781553203879
Turkiye,TUR,2024,10.6556877126113
Turkiye,TUR,2025,10.505939997814
United Kingdom,GBR,1960,21.4496892034503
United Kingdom,GBR,1961,21.6336086060768
United Kingdom,GBR,1962,21.8124892664575
United Kingdom,GBR,1963,22.0069941211169
United Kingdom,GBR,1964,22.207158401509
United Kingdom,GBR,1965,22.4050330417127
United Kingdom,GBR,1966,22.592668975807
United Kingdom,GBR,1967,22.7621171378709
United Kingdom,GBR,1968,22.9054284619836
United Kingdom,GBR,1969,23.0146538822239
United Kingdom,GBR,1970,23.0818443326709
United Kingdom,GBR,1971,23.0976891912469
United Kingdom,GBR,1972,23.0335907989157
United Kingdom,GBR,1973,22.8902411320461
United Kingdom,GBR,1974,22.6890082693389
United Kingdom,GBR,1975,22.4506465350919
United Kingdom,GBR,1976,22.1959102536032
United Kingdom,GBR,1977,21.9455537491709
United Kingdom,GBR,1978,21.720331346093
United Kingdom,GBR,1979,21.5409973686674
United Kingdom,GBR,1980,21.4283061411923
United Kingdom,GBR,1981,21.4011301069338
United Kingdom,GBR,1982,21.4209564206317
United Kingdom,GBR,1983,21.4634551643444
United Kingdom,GBR,1984,21.5224224503336
United Kingdom,GBR,1985,21.5919432081957
United Kingdom,GBR,1986,21.6661023675273
United Kingdom,GBR,1987,21.7389848579249
United Kingdom,GBR,1988,21.8046756089851
United Kingdom,GBR,1989,21.8572595503043
United Kingdom,GBR,1990,21.8908216114791
United Kingdom,GBR,1991,21.8979345763598
United Kingdom,GBR,1992,21.8450664097663
United Kingdom,GBR,1993,21.7251976852199
United Kingdom,GBR,1994,21.5525780251669
United Kingdom,GBR,1995,21.3408997287015
United Kingdom,GBR,1996,21.1038550949177
United Kingdom,GBR,1997,20.8551364229099
United Kingdom,GBR,1998,20.608436011772
United Kingdom,GBR,1999,20.3774461605983
United Kingdom,GBR,2000,20.1758591684828
United Kingdom,GBR,2001,20.0161698701177
United Kingdom,GBR,2002,19.8853937322258
United Kingdom,GBR,2003,19.7668406667198
United Kingdom,GBR,2004,19.6576715070002
United Kingdom,GBR,2005,19.5544061872373
United Kingdom,GBR,2006,19.4535646416009
United Kingdom,GBR,2007,19.3516668042613
United Kingdom,GBR,2008,19.2452326093884
United Kingdom,GBR,2009,19.1307819911522
United Kingdom,GBR,2010,19.004834883723
United Kingdom,GBR,2011,18.8640314407373
United Kingdom,GBR,2012,18.7094332240492
United Kingdom,GBR,2013,18.5426231305113
United Kingdom,GBR,2014,18.3644249249278
United Kingdom,GBR,2015,18.1756227704353
United Kingdom,GBR,2016,17.9770008301705
United Kingdom,GBR,2017,17.76934326727
United Kingdom,GBR,2018,17.5534342448705
United Kingdom,GBR,2019,17.3300579261087
United Kingdom,GBR,2020,17.0999984741211
United Kingdom,GBR,2021,17.0113568476359
United Kingdom,GBR,2022,16.9246017002495
United Kingdom,GBR,2023,16.8398067108665
United Kingdom,GBR,2024,16.7570455583915
United Kingdom,GBR,2025,16.676391921729
United States,USA,1960,30.0200937952584
United States,USA,1961,29.5544127270642
United States,USA,1962,29.0764672388638
United States,USA,1963,28.6022243840733
United States,USA,1964,28.1450525951005
United States,USA,1965,27.718320304353
United States,USA,1966,27.3353959442387
United States,USA,1967,27.0096479471653
United States,USA,1968,26.7544447455406
United States,USA,1969,26.5831547717723
United States,USA,1970,26.5047462192071
United States,USA,1971,26.4669675402735
United States,USA,1972,26.4371923250543
United States,USA,1973,26.4144813068595
United States,USA,1974,26.3964213946932
United States,USA,1975,26.3805994975594
United States,USA,1976,26.3646025244622
United States,USA,1977,26.3460173844056
United States,USA,1978,26.3224309863936
United States,USA,1979,26.2914302394303
United States,USA,1980,26.2493955978192
United States,USA,1981,26.1860384843342
United States,USA,1982,26.0964519709137
United States,USA,1983,25.9836526230405
United States,USA,1984,25.8499485636456
United States,USA,1985,25.69764791566
United States,USA,1986,25.5290588020147
United States,USA,1987,25.3464893456406
United States,USA,1988,25.1522476694689
United States,USA,1989,24.9486418964304
United States,USA,1990,24.7314491738061
United States,USA,1991,24.456983161692
United States,USA,1992,24.1056682388538
United States,USA,1993,23.7001886634507
United States,USA,1994,23.2594342226973
United States,USA,1995,22.8022947038081
United States,USA,1996,22.3476598939975
United States,USA,1997,21.9144195804801
United States,USA,1998,21.5214635504704
United States,USA,1999,21.187681591183
United States,USA,2000,20.9259102138673
United States,USA,2001,20.6913776332088
United States,USA,2002,20.4538960231343
United States,USA,2003,20.2226649744716
United States,USA,2004,20.0039063031637
United States,USA,2005,19.8038418251536
United States,USA,2006,19.6286933563841
United States,USA,2007,19.4846827127984
United States,USA,2008,19.3780317103394
United States,USA,2009,19.3149621649501
United States,USA,2010,19.3002255326634
United States,USA,2011,19.3042445743976
United States,USA,2012,19.3162506613762
United States,USA,2013,19.339110718785
United States,USA,2014,19.3757768220234
United States,USA,2015,19.4292010464909
United States,USA,2016,19.5023354675869
United States,USA,2017,19.5981321607109
United States,USA,2018,19.7195432012623
United States,USA,2019,19.8695206646406
United States,USA,2020,20.002548237452
United States,USA,2021,19.9925234859728
United States,USA,2022,19.9675021760293
United States,USA,2023,19.928438880822
United States,USA,2024,19.8752201952816
United States,USA,2025,19.8078266972131
